-- phpMyAdmin SQL Dump
-- version 4.0.10.14
-- http://www.phpmyadmin.net
--
-- Servidor: localhost:3306
-- Tiempo de generación: 20-02-2017 a las 13:02:44
-- Versión del servidor: 5.6.33-cll-lve
-- Versión de PHP: 5.6.20

SET SQL_MODE = "NO_AUTO_VALUE_ON_ZERO";
SET time_zone = "+00:00";


/*!40101 SET @OLD_CHARACTER_SET_CLIENT=@@CHARACTER_SET_CLIENT */;
/*!40101 SET @OLD_CHARACTER_SET_RESULTS=@@CHARACTER_SET_RESULTS */;
/*!40101 SET @OLD_COLLATION_CONNECTION=@@COLLATION_CONNECTION */;
/*!40101 SET NAMES utf8 */;

--
-- Base de datos: `empleolisto`
--

-- --------------------------------------------------------

--
-- Estructura de tabla para la tabla `company`
--

CREATE TABLE IF NOT EXISTS `company` (
  `id` int(11) NOT NULL AUTO_INCREMENT,
  `company_user` int(11) NOT NULL,
  `url` varchar(255) NOT NULL,
  `status` varchar(20) DEFAULT NULL,
  `foto` tinyint(1) DEFAULT NULL,
  `created` timestamp NOT NULL DEFAULT CURRENT_TIMESTAMP,
  PRIMARY KEY (`id`)
) ENGINE=InnoDB  DEFAULT CHARSET=utf8 AUTO_INCREMENT=9 ;

--
-- Volcado de datos para la tabla `company`
--

INSERT INTO `company` (`id`, `company_user`, `url`, `status`, `foto`, `created`) VALUES
(2, 13, 'lumen123', 'play', NULL, '2017-01-24 15:15:36'),
(3, 14, 'comex123', 'play', NULL, '2017-01-24 15:42:19'),
(4, 15, 'prueba', 'play', NULL, '2017-01-24 19:38:57'),
(5, 16, 'empleolisto', 'play', NULL, '2017-01-24 22:08:38'),
(7, 18, 'INM', 'play', NULL, '2017-02-14 19:07:44'),
(8, 20, 'TECONNECTIVITY', 'play', NULL, '2017-02-15 18:51:40');

-- --------------------------------------------------------

--
-- Estructura de tabla para la tabla `company_actividades`
--

CREATE TABLE IF NOT EXISTS `company_actividades` (
  `id` int(11) NOT NULL AUTO_INCREMENT,
  `categorias_id` int(11) NOT NULL,
  `nombre` varchar(150) NOT NULL,
  PRIMARY KEY (`id`)
) ENGINE=MyISAM  DEFAULT CHARSET=latin1 AUTO_INCREMENT=122 ;

--
-- Volcado de datos para la tabla `company_actividades`
--

INSERT INTO `company_actividades` (`id`, `categorias_id`, `nombre`) VALUES
(1, 1, 'Preparación de bebidas frías y calientes'),
(2, 1, 'Recuento parcial de efectivo/ Corte de caja'),
(3, 1, 'Tomar órdenes'),
(4, 1, 'Preparación de alimentos fríos'),
(5, 1, 'Lavado de loza'),
(6, 1, 'Preparación de café'),
(7, 1, 'Gestión de Inventario'),
(8, 1, 'Cultura general'),
(9, 1, 'Preparación de coctelería'),
(10, 1, 'Manejo de alimentos'),
(11, 1, 'Comida japonesa'),
(12, 1, 'Comida mexicana'),
(13, 1, 'Reabastecimiento de mesas'),
(14, 1, 'Organización de equipo'),
(15, 1, 'Corte de caja final'),
(16, 1, 'Apertura y cierre de sucursal'),
(17, 1, 'Decoración de postres'),
(18, 1, 'Pastelería'),
(19, 1, 'Comida Italiana'),
(20, 1, 'Habilidades de trompo'),
(21, 1, 'Limpieza de mesas'),
(22, 1, 'Preparación de postres'),
(23, 1, 'Gestión de inventarios'),
(24, 1, 'Organización de cocina'),
(25, 1, 'Comida argentina'),
(26, 1, 'Molido de granos de café'),
(27, 1, 'Preparación de tortillas'),
(28, 1, 'Habilidades en la parrilla'),
(29, 1, 'Limpieza de estufa'),
(30, 1, 'Servir mesas'),
(31, 1, 'Comida Internacional'),
(32, 1, 'Limpieza de equipo para café'),
(33, 2, 'Conocimiento de medidas de seguridad'),
(34, 2, 'Manejo de armas de fuego'),
(35, 2, 'Supervisión de seguridad del lugar'),
(36, 2, 'Seguridad en accesos'),
(37, 2, 'Artes marciales'),
(38, 2, 'Seguridad en disipación/ en despeje'),
(39, 2, 'Revisíon de personal interno'),
(40, 2, 'Seguridad interna'),
(41, 2, 'Manejo de armas (blancas, no de fuego)'),
(42, 2, 'Defensa Personal'),
(43, 3, 'Hacer inventario'),
(44, 3, 'Conocimiento en reporte de ventas'),
(45, 3, 'Apoyo a equipo de ventas'),
(46, 3, 'Facilidad de palabra.'),
(47, 3, 'Control de inventarios'),
(48, 3, 'Promoción y venta de productos'),
(49, 3, 'Disribución de mercancia'),
(50, 3, 'Estrategias en punto de venta'),
(51, 3, 'Labor de venta y convencimiento'),
(52, 3, 'Excelente presesentación'),
(53, 3, 'Exhbición de producto'),
(54, 3, 'Labor y cierre de venta'),
(55, 3, 'Distribución de mercancía'),
(56, 3, 'Conversación fluida'),
(57, 3, 'Apertura y cierre de sucursal'),
(58, 3, 'Experiencia en apertura de cartera'),
(59, 3, 'Trabajo de campo'),
(60, 3, 'Creación de cartera de clientes'),
(61, 3, 'Prospección y atención al cliente'),
(62, 3, 'Administración de oficina'),
(63, 3, 'Conocimiento de reporte de ventas'),
(64, 3, 'Conclusión de ventas/ Cierre de ventas'),
(65, 3, 'Proceso de pagos con tarjeta de crédito'),
(66, 3, 'Atención a clientes en mostrador'),
(67, 3, 'Control de equipo de ventas'),
(68, 3, 'Habilidades de negociación'),
(69, 4, 'Pulido y encerado'),
(70, 4, 'Lava loza'),
(71, 4, 'Esterilización de equipo'),
(72, 4, 'Limpieza de textiles'),
(73, 4, 'Lavar cristalería fina'),
(74, 4, 'Limpieza y mantenimiento de habitaciones'),
(75, 4, 'Mantenimiento de lavandería y tintorería'),
(76, 4, 'Tender camas'),
(77, 4, 'Limpieza y esterilización de despachadores de agua fría'),
(78, 4, 'Habilidad para tratar al cliente'),
(79, 4, 'Lavar platos'),
(80, 4, 'Barrido y trapeado'),
(81, 5, 'Licencia de conducir válida'),
(82, 5, 'Mecánica básica'),
(83, 5, 'Buen conocimiento direccional de la ciudad'),
(84, 5, 'Mantenimiento de auto'),
(85, 5, 'Licencia de conducir tipo A'),
(86, 6, 'Hacer inventario'),
(87, 6, 'Distribución de mercancía'),
(88, 6, 'Ensamble mecánico'),
(89, 6, 'Manejo de herramientas eléctricas'),
(90, 6, 'Revisión de calidad'),
(91, 6, 'Certificaciones de seguridad'),
(92, 6, 'Manejo de equipo pesado'),
(93, 6, 'Reporte'),
(94, 6, 'Conocimientos de herrería'),
(95, 6, 'Disposición de estación de trabajo'),
(96, 6, 'Calibración de herramientas'),
(97, 6, 'Certificación Profesional'),
(98, 7, 'Hacer inventario'),
(99, 7, 'Distribución de mercancía'),
(100, 7, 'Ensamble mecánico'),
(101, 7, 'Manejo de herramientas eléctricas'),
(102, 7, 'Revisión de calidad'),
(103, 7, 'Certificaciones de seguridad'),
(104, 7, 'Manejo de equipo pesado'),
(105, 7, 'Reporte'),
(106, 7, 'Conocimientos de herrería'),
(107, 7, 'Disposición de estación de trabajo'),
(108, 7, 'Calibración de herramientas'),
(109, 7, 'Certificación Profesional'),
(110, 8, 'Corte de cabello hombre'),
(111, 8, 'Corte de cabello mujer'),
(112, 8, 'Corte de cabello niños'),
(113, 8, 'Nutrición'),
(114, 8, 'Masajes'),
(115, 8, 'Pedicure'),
(116, 8, 'Pintar uñas'),
(117, 8, 'Tintes'),
(118, 9, 'Conmutador'),
(119, 9, 'Control de facturas'),
(120, 9, 'pago a proveedores'),
(121, 9, 'licencia tipo A');

-- --------------------------------------------------------

--
-- Estructura de tabla para la tabla `company_actividades_perfiles`
--

CREATE TABLE IF NOT EXISTS `company_actividades_perfiles` (
  `id` int(11) NOT NULL AUTO_INCREMENT,
  `perfil_id` int(11) NOT NULL,
  `actividad_id` int(11) NOT NULL,
  PRIMARY KEY (`id`)
) ENGINE=MyISAM  DEFAULT CHARSET=latin1 AUTO_INCREMENT=15 ;

--
-- Volcado de datos para la tabla `company_actividades_perfiles`
--

INSERT INTO `company_actividades_perfiles` (`id`, `perfil_id`, `actividad_id`) VALUES
(1, 50, 46),
(2, 51, 43),
(3, 51, 44),
(4, 51, 45),
(5, 51, 46),
(6, 52, 43),
(7, 52, 44),
(8, 52, 45),
(9, 53, 43),
(10, 53, 45),
(11, 53, 46),
(12, 54, 118),
(13, 54, 119),
(14, 54, 120);

-- --------------------------------------------------------

--
-- Estructura de tabla para la tabla `company_categorias`
--

CREATE TABLE IF NOT EXISTS `company_categorias` (
  `id` int(11) NOT NULL AUTO_INCREMENT,
  `nombre` varchar(150) NOT NULL,
  PRIMARY KEY (`id`)
) ENGINE=MyISAM  DEFAULT CHARSET=latin1 AUTO_INCREMENT=10 ;

--
-- Volcado de datos para la tabla `company_categorias`
--

INSERT INTO `company_categorias` (`id`, `nombre`) VALUES
(1, 'Restaurantes, Bares y Cafeterías'),
(2, 'Seguridad'),
(3, 'Ventas y promoción'),
(4, 'Limpieza'),
(5, 'Mensajería'),
(6, 'Manufactura'),
(7, 'Logística y almacenes'),
(8, 'Salud y Belleza'),
(9, 'Oficina');

-- --------------------------------------------------------

--
-- Estructura de tabla para la tabla `company_estados`
--

CREATE TABLE IF NOT EXISTS `company_estados` (
  `id` int(11) NOT NULL AUTO_INCREMENT,
  `estado` varchar(100) CHARACTER SET utf8 COLLATE utf8_unicode_ci NOT NULL,
  `abreviado` varchar(10) NOT NULL,
  PRIMARY KEY (`id`)
) ENGINE=MyISAM  DEFAULT CHARSET=latin1 AUTO_INCREMENT=33 ;

--
-- Volcado de datos para la tabla `company_estados`
--

INSERT INTO `company_estados` (`id`, `estado`, `abreviado`) VALUES
(1, 'Aguascalientes', 'Ags.'),
(2, 'Baja California', 'BC'),
(3, 'Baja California Sur', 'BCS'),
(4, 'Campeche', 'Camp.'),
(5, 'Coahuila de Zaragoza', 'Coah.'),
(6, 'Colima', 'Col.'),
(7, 'Chiapas', 'Chis.'),
(8, 'Chihuahua', 'Chih.'),
(9, 'Distrito Federal', 'DF'),
(10, 'Durango', 'Dgo.'),
(11, 'Guanajuato', 'Gto.'),
(12, 'Guerrero', 'Gro.'),
(13, 'Hidalgo', 'Hgo.'),
(14, 'Jalisco', 'Jal.'),
(15, 'México', 'Mex.'),
(16, 'Michoacán de Ocampo', 'Mich.'),
(17, 'Morelos', 'Mor.'),
(18, 'Nayarit', 'Nay.'),
(19, 'Nuevo León', 'NL'),
(20, 'Oaxaca', 'Oax.'),
(21, 'Puebla', 'Pue.'),
(22, 'Querétaro', 'Qro.'),
(23, 'Quintana Roo', 'Q. Roo'),
(24, 'San Luis Potosí', 'SLP'),
(25, 'Sinaloa', 'Sin.'),
(26, 'Sonora', 'Son.'),
(27, 'Tabasco', 'Tab.'),
(28, 'Tamaulipas', 'Tamps.'),
(29, 'Tlaxcala', 'Tlax.'),
(30, 'Veracruz de Ignacio de la Llave', 'Ver.'),
(31, 'Yucatán', 'Yuc.'),
(32, 'Zacatecas', 'Zac.');

-- --------------------------------------------------------

--
-- Estructura de tabla para la tabla `company_fields`
--

CREATE TABLE IF NOT EXISTS `company_fields` (
  `id` int(11) NOT NULL AUTO_INCREMENT,
  `logo_url` varchar(255) DEFAULT NULL,
  `bg_color` varchar(20) DEFAULT NULL,
  `bg_url` varchar(255) DEFAULT NULL,
  `texto` text,
  `agradecimiento` text,
  `aviso_privacidad` text,
  `company_id` int(11) NOT NULL,
  `created` timestamp NOT NULL DEFAULT CURRENT_TIMESTAMP,
  PRIMARY KEY (`id`)
) ENGINE=InnoDB  DEFAULT CHARSET=utf8 AUTO_INCREMENT=10 ;

--
-- Volcado de datos para la tabla `company_fields`
--

INSERT INTO `company_fields` (`id`, `logo_url`, `bg_color`, `bg_url`, `texto`, `agradecimiento`, `aviso_privacidad`, `company_id`, `created`) VALUES
(2, 'upload/1485271253_Captura de pantalla 2017-01-19 a la(s) 15.59.04.png', '#05beff', 'upload/1485271253_Captura de pantalla 2017-01-19 a la(s) 15.50.48.png', '<p>Comex<br />Juntos&nbsp;embellecemos&nbsp;y&nbsp;protegemos&nbsp;la vida<br />En Comex creemos que el color lo cambia todo y m&aacute;s a&uacute;n, confiamos en que&nbsp;un mejor lugar para vivir&nbsp;te aporta una mayor calidad de vida.&nbsp;<br />As&iacute;, &nbsp;con m&aacute;s que pintura, llevamos soluciones en&nbsp;protecci&oacute;n y embellecimiento&nbsp;a miles de hogares&nbsp; y construcciones de gran escala a nivel nacional e internacional, generando &nbsp;bienestar que se ve reflejado en espacios m&aacute;s agradables, innovadores, coloridos y con la m&aacute;xima protecci&oacute;n.<br />Gratificante, as&iacute; es tu mundo con las soluciones de Comex.<br />Con&oacute;cenos.</p>', '<p>Muchas gracias por subir tus datos</p>', '<div class="page-title">\r\n<h1>Aviso de privacidad</h1>\r\n</div>\r\n<p><strong>Responsable</strong></p>\r\n<p>Abastecedora Lumen, S.A. de C.V. (en adelante &ldquo;Lumen&rdquo;), ubicada en Av. Toluca No. 481, Col. Olivar de los Padres, C.P. 01780, Deleg. &Aacute;lvaro Obreg&oacute;n, M&eacute;xico, Distrito Federal, es la responsable del debido tratamiento y resguardo de los datos personales que son recabados de todos aquellos clientes que: a) realizan compras de bienes o servicios por tel&eacute;fono e internet; b) env&iacute;an un correo electr&oacute;nico a Lumen, a efecto de solicitar informaci&oacute;n sobre ciertos bienes o servicios que la empresa ofrece; c) usuarios de los canales de venta Lumen que deseen generar un registro como cliente para la realizaci&oacute;n de operaciones comerciales actuales o futuras; y d) usuarios o clientes que deseen presentar una queja o sugerencia a Lumen. .</p>\r\n<p>&nbsp;</p>\r\n<p><strong>Datos requeridos</strong></p>\r\n<ul>\r\n<li>Trat&aacute;ndose de compras de bienes o servicios por tel&eacute;fono e internet, los datos que se requieren son los siguientes: i) nombre; ii) direcci&oacute;n de entrega de la mercanc&iacute;a adquirida; iii) tel&eacute;fono; iv) correo electr&oacute;nico; v) de ser requerida una factura, los datos fiscales necesarios para la expedici&oacute;n de la misma, en los t&eacute;rminos de la legislaci&oacute;n fiscal vigente; vi) datos e informaci&oacute;n de la tarjeta y n&uacute;mero de cuenta bancaria con la que se pretende hacer el pago del bien o servicio requerido, cuando dicha operaci&oacute;n sea efectuada directamente con LUMEN; y vii) en su caso, el nombre, tel&eacute;fono y correo electr&oacute;nico del contacto con quien se efectuar&aacute; el cobro de la mercanc&iacute;a adquirida. <br /><br />Es importante se&ntilde;alar que en el caso de que el pago del bien o servicio correspondiente sea gestionado por una entidad distinta a LUMEN, los datos precisados en el inciso vi) anterior ser&aacute;n recabados directamente por dicha entidad sin que LUMEN tenga acceso dicha informaci&oacute;n. Por ello, se reitera que no habr&aacute; transferencia alguna de tales datos en este supuesto.</li>\r\n<li>Trat&aacute;ndose de env&iacute;os de correos electr&oacute;nicos a Lumen, con la finalidad de solicitar informaci&oacute;n sobre ciertos bienes o servicios que la empresa ofrece, o bien para presentar una queja o sugerencia, los datos que se requieren son los siguientes: i) nombre; ii) sexo; iii) correo electr&oacute;nico; iv) tel&eacute;fono; v) entidad federativa donde reside y vi) el comentario que desea ingresar a la p&aacute;gina.</li>\r\n<li>Trat&aacute;ndose del registro como cliente en l&iacute;nea, los datos que se requieren son los siguientes: a) g&eacute;nero; b) nombre completo; c) fecha de nacimiento; d) correo electr&oacute;nico; e) generaci&oacute;n de contrase&ntilde;a .</li>\r\n<li>Para efectos de inscripci&oacute;n al Bolet&iacute;n Mensual de Lumen, los datos que se requieren son los siguientes: i) nombre; ii) correo electr&oacute;nico; iii) fecha de nacimiento; iv) sexo; v) estado civil; vi) si tiene hijos; vii) ocupaci&oacute;n; viii) entidad federativa donde reside; ix) c&oacute;digo postal; x) colonia y xi) sucursal que frecuenta.</li>\r\n</ul>\r\n<p>&nbsp;</p>\r\n<p><strong>Finalidades del tratamiento de los datos personales</strong></p>\r\n<p>Los datos personales solicitados se requieren para: a) la completa y correcta prestaci&oacute;n de los servicios o venta de los bienes objeto de la relaci&oacute;n comercial que se sostenga con LUMEN b) realizar campa&ntilde;as publicitarias (v&iacute;a telef&oacute;nica y por medios electr&oacute;nicos) para la comercializaci&oacute;n de productos y servicios de Lumen; c) ofrecer informaci&oacute;n sobre nuevos productos y servicios, promociones exclusivas, descuentos, ofertas especiales, regalos y beneficios que Lumen ofrece; d) configurar la base de datos de los clientes de Lumen; e) realizar an&aacute;lisis estad&iacute;sticos y de mercado; f) evaluar la calidad de los productos y servicios de Lumen; g) atender oportunamente las preguntas, sugerencias o quejas que los clientes presentan en relaci&oacute;n con bienes o servicios ofrecidos por Lumen; h) facturar los bienes y servicios ofrecidos por Lumen; i) verificar la identidad del cliente, o bien del contacto que aqu&eacute;l se&ntilde;al&oacute;, al momento de la entrega de la mercanc&iacute;a adquirida; j) generar un expediente crediticio que garantice el cumplimiento de obligaciones de pagos diferidos o en parcialidades, en su caso; k) para fines mercadot&eacute;cnicos, publicitarios o de prospecci&oacute;n comercial ; y l) para la generaci&oacute;n, en su caso, de un registro como usuario o cliente de Lumen con la intenci&oacute;n de facilitar las transacciones comerciales actuales o futuras que el usuario pudiera realizar. .</p>\r\n<p>&nbsp;</p>\r\n<p><strong>Transferencia de los datos personales</strong></p>\r\n<p>Los datos personales obtenidos a trav&eacute;s de los medios y mecanismos arriba precisados, no ser&aacute;n transferidos a persona o entidad distinta de Lumen. .</p>\r\n<p>&nbsp;</p>\r\n<p>DERECHOS ARCO (Acceso, Rectificaci&oacute;n, Cancelaci&oacute;n y Oposici&oacute;n) y REVOCACI&Oacute;N del consentimiento para el tratamiento de los datos. .</p>\r\n<p>&nbsp;</p>\r\n<p>Para cualquier acceso, rectificaci&oacute;n, cancelaci&oacute;n, oposici&oacute;n o revocaci&oacute;n en el manejo de los datos personales obtenidos a trav&eacute;s de la compra de bienes o servicios por tel&eacute;fono, Lumen pone a su disposici&oacute;n el correo electr&oacute;nico arco@lumen.com.mx y el tel&eacute;fono 54-90-66-93, de los cuales ser&aacute; responsable del resguardo y administraci&oacute;n de la informaci&oacute;n el Comit&eacute; de Derechos Arco, en t&eacute;rminos del Cap&iacute;tulo IV de la Ley Federal de Protecci&oacute;n de Datos Personales en Posesi&oacute;n de los Particulares, art&iacute;culo 21 de su Reglamento, as&iacute; como de las disposiciones contenidas en los Lineamientos del Aviso de Privacidad emitidas por la Secretar&iacute;a de Econom&iacute;a. .</p>\r\n<p>&nbsp;</p>\r\n<p>Para estos efectos, el usuario deber&aacute; enviar a dicha direcci&oacute;n de correo electr&oacute;nico un escrito en el que se&ntilde;ale, de manera clara y expedita, qu&eacute; datos y en qu&eacute; medida desea tener acceso, o bien, rectificar, cancelar, oponerse o revocar su consentimiento al tratamiento de los mismos, adjuntando la documentaci&oacute;n que sustente su petici&oacute;n. .</p>\r\n<p>&nbsp;</p>\r\n<p>Una vez que sea recibida la petici&oacute;n debidamente requisitada en la cuenta de correo electr&oacute;nico ya se&ntilde;alada, Lumen contar&aacute; con un plazo de veinte d&iacute;as (mismos que podr&aacute;n ser ampliados por un periodo igual, dependiendo de las circunstancias del caso) para resolver la petici&oacute;n correspondiente. .</p>\r\n<p>&nbsp;</p>\r\n<p>De resultar procedente la petici&oacute;n del usuario, Lumen deber&aacute; cumplir con la misma en un plazo de quince d&iacute;as contados a partir de la emisi&oacute;n de la resoluci&oacute;n correspondiente. .</p>\r\n<p>&nbsp;</p>\r\n<p><strong>Opciones y medios para limitar el uso o divulgaci&oacute;n de los datos personales</strong></p>\r\n<p>En caso de que el titular decida limitar el uso o divulgaci&oacute;n de los datos personales recabados, Lumen pone a su disposici&oacute;n la direcci&oacute;n de correo electr&oacute;nico arco@lumen.com.mx, para que as&iacute; lo manifieste de manera expresa. .</p>\r\n<p>&nbsp;</p>\r\n<p><strong>Cambios al aviso de privacidad</strong></p>\r\n<p>En caso de realizar modificaciones a nuestro Aviso de Privacidad, enviaremos un correo electr&oacute;nico a los titulares de los datos personales recabados, para informarles sobre dichos cambios, mismo que incluir&aacute; el v&iacute;nculo para consultarlos. .</p>\r\n<p>&nbsp;</p>\r\n<p><strong>Consentimiento del usuario</strong></p>\r\n<p>Estoy de acuerdo con los t&eacute;rminos y condiciones de privacidad y protecci&oacute;n de datos establecidas en el presente Aviso de Privacidad, incluidas la finalidad y tratamiento de dichos datos, por lo que manifiesto mi consentimiento expreso e inequ&iacute;voco para tales efectos.</p>', 2, '2017-01-19 20:05:24'),
(3, NULL, NULL, NULL, NULL, NULL, NULL, 2, '2017-01-24 15:15:36'),
(4, 'upload/1485290961_Captura de pantalla 2017-01-19 a la(s) 18.02.25.png', '#66ccff', 'upload/1485294388_Captura de pantalla 2017-01-24 a la(s) 15.45.57.png', '<h1>Comex</h1>\r\n<h2>Juntos <strong>embellecemos</strong> y <strong>protegemos</strong> la vida</h2>\r\n<p class="Content_txt">En Comex creemos que el color lo cambia todo y m&aacute;s a&uacute;n, confiamos en que<strong> un mejor lugar para vivir </strong>te aporta una mayor calidad de vida.&nbsp;</p>\r\n<p class="Content_txt">As&iacute;, &nbsp;con m&aacute;s que pintura, llevamos soluciones en <strong>protecci&oacute;n y embellecimiento</strong> a miles de hogares&nbsp; y construcciones de gran escala a nivel nacional e internacional, generando &nbsp;bienestar que se ve reflejado en espacios m&aacute;s agradables, innovadores, coloridos y con la m&aacute;xima protecci&oacute;n.</p>\r\n<p class="Content_txt">Eres nuestro motivo para innovar, por ello queremos seguir siendo tu aliado y acompa&ntilde;arte para hacer de tus sue&ntilde;os, una realidad.</p>\r\n<p class="Content_txt"><strong>Gratificante, as&iacute; es tu mundo con las soluciones de Comex.</strong></p>\r\n<p class="Content_txt"><strong>Con&oacute;cenos.</strong></p>', '<p>Gracias por dejarnos tus datos esperamos tener una oportunidad para ti.</p>', '<h1>Aviso de Privacidad.</h1>\r\n<p>&nbsp;</p>\r\n<p class="Content_txt">CONSORCIO COMEX, S.A. DE C.V., ALERMAC INVERSIONES, S.A. DE C.V., CONAXE, S.A. DE C.V.; GRUPO COMEX, S.A. DE C.V.; DISTRIBUIDORA KROMA, S.A. DE C.V.; AP RESINAS, S.A. DE C.V.; CENTRO DE INVESTIGACI&Oacute;N EN POL&Iacute;MEROS, S.A. DE C.V.; CLRH, S.A. DE C.V.; COMEX INDUSTRIAL COATINGS, S.A. DE C.V.; COMERCIAL MEXICANA DE PINTURAS, S.A. DE C.V.; EMPRESA AGA, S.A. DE C.V.; F&Aacute;BRICA DE PINTURAS UNIVERSALES, S.A. DE C.V.; FPU INDUSTRIAL, S.A. DE C.V.; FULTON INMUEBLES, S.A. DE C.V.; KEMZUS, S.A. DE C.V.; KMZ SERVICIOS INDUSTRIALES, S.A. DE C.V.; PARCAR DESARROLLOS Y SERVICIOS, S.A. DE C.V.; PL&Aacute;STICOS ENVOLVENTES, S.A. DE C.V.; QU&Iacute;MICA RANA, S.A. DE C.V.; QU&Iacute;MICA RANA DE MONTERREY, S.A. DE C.V.; SERVICIO T&Eacute;CNICO ESPECIALIZADO DE APLICACI&Oacute;N INDUSTRIAL, S.A. DE C.V., VIASA, S.A. DE C.V., todas empresas subsidiarias de PPG INDUSTRIES, INC, (en adelante Responsables), con domicilio consultables en <a href="http://www.comex.com.mx/directorio">http://www.comex.com.mx/directorio</a>, en cumplimiento a las normas de Protecci&oacute;n de Datos Personales y Privacidad aplicables en la localidad en la que se opere, le informamos que su informaci&oacute;n personal o datos personales que nos proporcione con motivo de la relaci&oacute;n que Usted tenga con cualquiera de los Responsables, ser&aacute;n protegidos y tratados de conformidad con los principios de privacidad previstos en las normas aplicables y en atenci&oacute;n a los t&eacute;rminos establecidos en el presente Aviso o declaraci&oacute;n de Privacidad:</p>\r\n<p class="Content_txt"><strong>I. Finalidades. </strong>Atendiendo a su naturaleza de Cliente/Distribuidor; Candidato/Empleado; Proveedor o Visitante, el tratamiento de sus datos personales se har&aacute; bajo las siguientes finalidades:</p>\r\n<p class="Content_txt"><strong>&nbsp;</strong></p>\r\n<p class="Content_txt"><strong>Clientes/Distribuidores:</strong></p>\r\n<p class="Content_txt"><strong>a. &nbsp;&nbsp;</strong>Necesarias para la relaci&oacute;n jur&iacute;dica con los Responsables:</p>\r\n<ul>\r\n<li class="Content_txt">Cumplimiento con obligaciones comerciales | jur&iacute;dica contra&iacute;das;</li>\r\n<li class="Content_txt">Alta, seguimiento y actualizaci&oacute;n en los sistemas internos de administraci&oacute;n de clientes/concesionarios;</li>\r\n<li class="Content_txt">Investigaciones socioecon&oacute;micas, procesos de debida diligencia y conocimiento de clientes |distribuidores para otorgamiento de cr&eacute;ditos, concesiones y en general para establecer relaciones comerciales;</li>\r\n<li class="Content_txt">Facturaci&oacute;n y cobranza;</li>\r\n<li class="Content_txt">Seguimiento a pedidos y entregas;</li>\r\n<li class="Content_txt">Atencion de quejas y reclamaciones;</li>\r\n<li class="Content_txt">Seguimiento a eventos, programas de lealtad, productos y capacitaciones relacionadas con los bienes adquiridos y vinculadas con la relaci&oacute;n jur&iacute;dica;</li>\r\n<li class="Content_txt">Dar y solicitar referencias comerciales a terceros vinculadas con la relaci&oacute;n contractual;</li>\r\n<li class="Content_txt">Realizar encuestas de satisfacci&oacute;n y evaluar la calidad de nuestro servicio, y</li>\r\n<li class="Content_txt">Para la defensa de los derechos de los Responsables, incluyendo procedimientos judiciales, penales o administrativos.</li>\r\n</ul>\r\n<p class="Content_txt">Por lo tanto y para alcanzar las finalidades antes expuestas, se tratar&aacute;n datos personales de identificaci&oacute;n, de contacto, laborales, financieros y patrimoniales, tales como: fecha de nacimiento; nombre completo; n&uacute;mero telef&oacute;nico fijo y m&oacute;vil, n&uacute;mero de fax; pa&iacute;s; direcci&oacute;n; comprobante de domicilio; compa&ntilde;&iacute;a que representa; datos de identificaci&oacute;n oficial; firma; sexo; estado civil; ocupaci&oacute;n, oficio y/o estudios; n&uacute;mero o documento de inscripci&oacute;n en el registro nacional de poblaci&oacute;n de la localidad, n&uacute;mero o documento de identificaci&oacute;n oficial; registro de contribuyente; plazos de cr&eacute;dito solicitados; montos solicitados; cr&eacute;dito otorgado; deudas; ingresos y n&uacute;mero de cuenta bancaria.<br /><br /><strong>b.</strong>&nbsp;&nbsp; Finalidades que no dieron origen ni son necesarias para la relaci&oacute;n jur&iacute;dica. (Finalidad Secundaria)</p>\r\n<ul>\r\n<li class="Content_txt">Invitarle a eventos relacionados con los bienes y productos de la red PPG y PPG COMEX, tales como la Convenci&oacute;n Anual de Distribuidores y/o el &ldquo;D&iacute;a del Pintor&rdquo;, entre otros;</li>\r\n<li class="Content_txt">Informarle sobre promociones, descuentos, servicios, publicaciones, productos y novedades de la red Comex;</li>\r\n<li class="Content_txt">Realizar estudios internos para el desarrollo, mercadotecnia, publicidad y prospecci&oacute;n comercial de nuevos productos y servicios con el objeto de ofrecerle a cada uno de nuestros clientes-distribuidores las soluciones espec&iacute;ficas a sus necesidades.</li>\r\n</ul>\r\n<p class="Content_txt">Para alcanzar la finalidad antes expuesta, se tratar&aacute;n &uacute;nicamente los datos personales de identificaci&oacute;n y de contacto se&ntilde;alados en el inciso &ldquo;a&rdquo; antes referido, tales como, nombre, tel&eacute;fono personal y de oficina, pa&iacute;s, direcci&oacute;n, fecha de nacimiento, sexo, estado civil, ocupaci&oacute;n u oficio y estudios. Se declara que para dar cumplimiento a las finalidades secundarias se&ntilde;alada en el inciso b, no se utilizar&aacute;n los datos personales financieros y patrimoniales de los clientes-distribuidores.</p>\r\n<p class="Content_txt">Si no desea recibir noticias y comunicados relacionadas con las finalidades secundarias se&ntilde;aladas en el inciso &ldquo;b&rdquo;, presenta tu solicitud al correo electr&oacute;nico <a href="mailto:datospersonales@comex.com.mx">datospersonales@comex.com.mx</a> (ver aparatado IV Medios para ejercer los derechos ARCO y Revocaci&oacute;n del Consentimiento).</p>\r\n<p class="Content_txt"><strong>Candidatos/Empleados:</strong></p>\r\n<p class="Content_txt"><strong>a. &nbsp;&nbsp;</strong>Finalidades necesarias para la relaci&oacute;n jur&iacute;dica con los Responsables:</p>\r\n<ul>\r\n<li class="Content_txt">Proceso de reclutamiento, selecci&oacute;n y contrataci&oacute;n laboral o de prestaci&oacute;n de servicios independientes, seg&uacute;n sea el caso;</li>\r\n<li class="Content_txt">Proceso de debida diligencia y conocimiento de nuestros candidatos | empleados</li>\r\n<li class="Content_txt">Realizar pruebas m&eacute;dicas, psicom&eacute;tricas, estudio socioecon&oacute;mico y solicitar referencias laborales relacionada con el reclutamiento, selecci&oacute;n y contrataci&oacute;n de personal;</li>\r\n<li class="Content_txt">Alta, seguimiento y actualizaci&oacute;n en los sistemas internos de manejo y control de personal;</li>\r\n<li class="Content_txt">Conformaci&oacute;n del expediente laboral y seguimiento de las obligaciones contra&iacute;das;</li>\r\n<li class="Content_txt">Proporcionar referencias en caso de que un tercero solicite informes relacionados con su desempe&ntilde;o laboral como posible candidato a un puesto, trabajo o comisi&oacute;n;</li>\r\n<li class="Content_txt">Gestionar y dar seguimiento a pagos, prestaciones, seguros, beneficios e impuestos;</li>\r\n<li class="Content_txt">Cumplimiento de obligaciones de seguridad social, fiscales, responsabilidad civil o similar;</li>\r\n<li class="Content_txt">Incluirlos en formatos gubernamentales en donde se requieran dichos datos, y</li>\r\n<li class="Content_txt">Defensa de los derechos de los Responsables, incluyendo procedimientos judiciales, penales, administrativos o ante autoridades laborales.</li>\r\n</ul>\r\n<p class="Content_txt">Por lo tanto y para alcanzar las finalidades antes expuestas, en atenci&oacute;n a su calidad de candidato o empleado, se tratar&aacute;n sus datos personales de tipo laboral, de identificaci&oacute;n, contacto, acad&eacute;micos, patrimoniales y financieros, tales como: nombre completo; direcci&oacute;n particular; antecedentes laborales; n&uacute;mero de cedula profesional y/o comprobante oficial de estudios acad&eacute;micos; n&uacute;mero telef&oacute;nico fijo y m&oacute;vil; referencias laborales; percepciones econ&oacute;micas de trabajos anteriores; documento de identificaci&oacute;n oficial; n&uacute;mero o documento de afiliaci&oacute;n a instituciones gubernamentales para programas de vivienda y asistencia social, pensiones y/o retiro aplicables en la localidad; n&uacute;mero o documento de inscripci&oacute;n o registro en el sistema nacional de poblaci&oacute;n de la localidad; n&uacute;mero o documento de registro en el r&eacute;gimen fiscal de la localidad; n&uacute;mero o documento de servicio militar aplicable; sexo, referencias familiares o laborales; n&uacute;mero y tipo de licencia de manejo; estado civil; correo electr&oacute;nico personal; grado de escolaridad; historia acad&eacute;mico; resultado de examen profesional; fecha de nacimiento; fotograf&iacute;a; idiomas que habla; lugar de nacimiento; nacionalidad; nombre de escuelas a las que asisti&oacute;; marca y modelo autom&oacute;vil, en su caso.</p>\r\n<p class="Content_txt"><strong>Datos Personales Sensibles</strong></p>\r\n<p class="Content_txt">Asimismo, le informamos que en atenci&oacute;n a su calidad de candidato o empleado y para cumplir con las finalidades previstas en este aviso, tambi&eacute;n ser&aacute;n recabados y tratados datos personales sensibles, como aqu&eacute;llos que refieren a su estado de salud que resulten de las pruebas m&eacute;dicas y psicom&eacute;tricas que se le apliquen, o bien, que usted nos proporcione; su afiliaci&oacute;n sindical; religi&oacute;n y origen &eacute;tnico, huellas dactilares, en casos requeridos. Asimismo, para la prestaci&oacute;n de beneficios de servicios m&eacute;dicos se tratar&aacute;n datos relativos a estado de salud y padecimientos presentes, pasados y futuros de los colaboradores y sus beneficiarios que se encuentren dados de alta en este beneficio.</p>\r\n<p class="Content_txt">Nos comprometemos a que los mismos ser&aacute;n tratados bajo medidas de seguridad adecuadas, siempre garantizando su confidencialidad. Asimismo, la obtenci&oacute;n de su consentimiento expreso, cuando el caso as&iacute; lo amerite, se har&aacute; bajo los procedimientos que los Responsables establezcan de conformidad con el procedimiento de selecci&oacute;n que resulte al caso concreto.</p>\r\n<p class="Content_txt"><strong>Proveedores:</strong></p>\r\n<p class="Content_txt"><strong>a. &nbsp;&nbsp;</strong>Finalidades necesarias para la relaci&oacute;n jur&iacute;dica con los Responsables:</p>\r\n<ul>\r\n<li class="Content_txt">Cumplimiento a obligaciones contra&iacute;das comerciales y legales en general contra&iacute;das;</li>\r\n<li class="Content_txt">Alta, seguimiento y actualizaci&oacute;n en los sistemas internos de manejo y control de proveedores;</li>\r\n<li class="Content_txt">Procesos de debida diligencia y conocimiento de nuestros socios comerciales;</li>\r\n<li class="Content_txt">Dar y solicitar referencias comerciales a terceros vinculadas con la relaci&oacute;n contractual;</li>\r\n<li class="Content_txt">Dar seguimiento a los servicios o productos adquiridos, y</li>\r\n<li class="Content_txt">Defensa de los derechos del Responsable, incluyendo procedimientos judiciales, penales o administrativos.</li>\r\n</ul>\r\n<p class="Content_txt">Por lo tanto y para alcanzar las finalidades antes expuestas, se tratar&aacute;n datos de identificaci&oacute;n, de contacto, financieros y patrimoniales relacionado con la prestaci&oacute;n de los bienes y servicio contratados, tales como, nombre completo; direcci&oacute;n; tel&eacute;fono fijo y m&oacute;vil; documento de identificaci&oacute;n oficial; n&uacute;mero o documento de inscripci&oacute;n o registro en el sistema nacional de poblaci&oacute;n de la localidad; n&uacute;mero o documento de registro en el r&eacute;gimen fiscal de la localidad; n&uacute;mero y registros bancarios; informaci&oacute;n que refleja estados financieros y situaci&oacute;n patrimonial, entre otros.</p>\r\n<p class="Content_txt"><strong>Visitantes</strong></p>\r\n<p class="Content_txt">Se tratar&aacute;n sus datos personales con la finalidad de llevar el registro, control y seguimiento de entradas y salidas de las instalaciones de los Responsables as&iacute; como, en su caso, procesos de debida diligencia y conocimiento de los visitantes, con el objeto de preservar la seguridad de nuestro personal, activos, de las personas que nos visitan, as&iacute; como del propio inmueble. Por lo tanto y para alcanzar las finalidades antes expuestas, se le recabar&aacute;n datos personales de identificaci&oacute;n, tales como: nombre completo; hora de entrada y salida; correo electr&oacute;nico; tel&eacute;fono; asunto; persona a la que vista y en su caso copia de identificaci&oacute;n oficial.</p>\r\n<p class="Content_txt"><strong>Visitantes en p&aacute;gina de Internet</strong></p>\r\n<p class="Content_txt">Se tratar&aacute; sus datos personales con la finalidad de darle soporte t&eacute;cnico y llevar el control en sistemas internos y obtener informaci&oacute;n respecto de sus h&aacute;bitos de navegaci&oacute;n. Por lo tanto y para alcanzar las finalidades antes expuestas, se tratar&aacute;n los siguientes datos personales: nombre, direcci&oacute;n, direcci&oacute;n IP, correo electr&oacute;nico, pa&iacute;s, estado, ciudad, c&oacute;digo postal, n&uacute;mero telef&oacute;nico, v&iacute;nculos que sigue y sitios que visita.</p>\r\n<ul>\r\n<li class="Content_txt"><strong>II.- Opciones para limitar el uso o divulgaci&oacute;n de sus datos personales</strong></li>\r\n</ul>\r\n<p class="Content_txt"><strong>USO DE "COOKIES" Y "WEB BEACONS"</strong></p>\r\n<p class="Content_txt">Con el objetivo de mejorar la experiencia de nuestros usuarios en cualquiera de nuestros Sitios, se podr&aacute;n utilizar "<em>cookies</em>" y/o "<em>web beacons</em>".</p>\r\n<p class="Content_txt">Las "<em>cookies</em>" son archivos de texto que son descargados autom&aacute;ticamente y almacenados en el disco duro del equipo de c&oacute;mputo del usuario al navegar en una p&aacute;gina de Internet para recordar algunos datos sobre este usuario, entre ellos, sus preferencias para la visualizaci&oacute;n de las p&aacute;ginas en ese servidor, nombre y contrase&ntilde;a. Por su parte, las "<em>web beacons</em>" son im&aacute;genes insertadas en un p&aacute;gina de Internet o correo electr&oacute;nico, que puede ser utilizado para monitorear el comportamiento de un visitante, como almacenar informaci&oacute;n sobre la direcci&oacute;n IP del usuario, duraci&oacute;n del tiempo de interacci&oacute;n en dicha p&aacute;gina y el tipo de navegador utilizado, entre otros.</p>\r\n<p class="Content_txt">Le informamos que utilizamos "<em>cookies</em>" y "<em>web beacons</em>" para obtener informaci&oacute;n personal de Usted, como la siguiente:</p>\r\n<ul>\r\n<li class="Content_txt">Las p&aacute;ginas de Internet que visita;</li>\r\n<li class="Content_txt">Los v&iacute;nculos que sigue;</li>\r\n<li class="Content_txt">La direcci&oacute;n IP; y</li>\r\n<li class="Content_txt">El sitio que visit&oacute; antes de entrar al nuestro.</li>\r\n</ul>\r\n<p class="Content_txt">Estas &ldquo;<em>cookies&rdquo;</em> y otras tecnolog&iacute;as pueden ser deshabilitadas. Para conocer c&oacute;mo hacerlo, consulte el men&uacute; de ayuda de su navegador. Tenga en cuenta que, en caso de desactivar las "<em>cookies</em>", es posible que no pueda acceder a ciertas funciones personalizadas en nuestros sitios web.</p>\r\n<ul>\r\n<li class="Content_txt"><strong>III.- Medios para revocar el consentimiento para el tratamiento de datos personales</strong></li>\r\n</ul>\r\n<p class="Content_txt">Para aquellas finalidades que no son necesarias para el cumplimiento de la relaci&oacute;n jur&iacute;dica entre usted y el Responsable, en todo momento se podr&aacute; revocar el consentimiento que nos ha otorgado para el tratamiento de sus datos personales, a fin de que dejemos de hacer uso de los mismos. Para ello, es necesario que presente su solicitud ante el Responsable, siguiendo el procedimiento que se se&ntilde;ala en la fracci&oacute;n IV de este Aviso de Privacidad.</p>\r\n<ul>\r\n<li class="Content_txt"><strong>IV.- Medios para ejercer los derechos ARCO y Revocaci&oacute;n del Consentimiento</strong></li>\r\n</ul>\r\n<p class="Content_txt">Los Responsables han designado a un encargado de datos personales (el &ldquo;Oficial de Privacidad&rdquo;), ante el cual usted podr&aacute; presentar sus solicitudes de derechos ARCO y/o la Revocaci&oacute;n de su Consentimiento (la &ldquo;<a href="http://www.comex.com.mx/content/Comex/Html/Images/pdfs/Formato_Solicitud_ARCO-RC_02_102012_PC.xlsx" target="_blank" rel="noopener noreferrer">Solicitud ARCO-RC</a>&rdquo;), mediante envi&oacute; electr&oacute;nico al correo <a href="mailto:datospersonales@comex.com.mx">datospersonales@comex.com.mx</a>, o bien, de manera personal en la oficinas, ubicadas en Av. Universidad S/N, Col la Palma, Entre calle 5 y calle 11, Cuautitl&aacute;n de Romero Rubio, Edo de M&eacute;xico, en ambos medios la solicitud se debe dirigirse al &aacute;rea de Datos Personales PPG Comex, Oficial de Privacidad, ambos medios, en un horario de 8 a 17 horas de lunes a viernes.</p>\r\n<p class="Content_txt">Usted tiene el derecho de: (i) acceder a sus datos personales en nuestro poder y conocer los detalles del tratamiento de los mismos, (ii) rectificarlos en caso de ser inexactos o incompletos, (iii) cancelarlos cuando considere que no se requieren para alguna de las finalidades se&ntilde;aladas en el presente aviso de privacidad, est&eacute;n siendo utilizados para finalidades no consentidas o haya finalizado la relaci&oacute;n contractual o de servicio, u (iv) oponerse al tratamiento de los mismos para fines espec&iacute;ficos, seg&uacute;n lo diga la Ley y su Reglamento, (conjuntamente, los &ldquo;Derechos ARCO&rdquo;), as&iacute; como (v) revocar en todo momento su consentimiento para el tratamiento de sus datos personales relacionado con aquellas finalidades no necesarias para el cumplimiento de la relaci&oacute;n jur&iacute;dica entre usted y el Responsable (Finalidad Secundaria), en los t&eacute;rminos establecidos por la legislaci&oacute;n aplicable.</p>\r\n<p class="Content_txt">Para el ejercicio de sus Derechos ARCO y/o Revocaci&oacute;n de consentimiento, deber&aacute; presentar la &ldquo;Solicitud ARCO-RC&rdquo; acompa&ntilde;ada de la siguiente informaci&oacute;n y documentaci&oacute;n:</p>\r\n<ul>\r\n<ul>\r\n<li class="Content_txt" type="a">Nombre o denominaci&oacute;n del Responsable (la empresa que Usted considera realiza el tratamiento de sus datos personales;</li>\r\n<li class="Content_txt" type="a">Pa&iacute;s y ciudad en donde son o fueron tratados sus datos personales</li>\r\n<li class="Content_txt" type="a">Su nombre, domicilio y correo electr&oacute;nico para poder comunicarle la respuesta a la Solicitud ARCO-RC;</li>\r\n<li class="Content_txt" type="a">Una copia del documento oficial que acrediten su identidad pasaporte, cartillas, carnet o cualquier otra que reconocida por la autoridad local) o en su caso, los documentos que acrediten su representaci&oacute;n legal, cuyo original deber&aacute; presentar para poder recibir la respuesta del Responsable;</li>\r\n<li class="Content_txt" type="a">Identificaci&oacute;n oficial del representante legal;</li>\r\n<li class="Content_txt" type="a">Una descripci&oacute;n clara y precisa de los datos personales respecto de los cuales busca ejercer el o los Derechos ARCO, o bien, la Revocaci&oacute;n de su consentimiento;</li>\r\n<li class="Content_txt" type="a">Cualquier documento o informaci&oacute;n que facilite la localizaci&oacute;n de sus datos personales, y;</li>\r\n<li class="Content_txt" type="a">En caso de solicitar una rectificaci&oacute;n de sus datos personales, deber&aacute; de indicar tambi&eacute;n, las modificaciones a realizarse y aportar la documentaci&oacute;n que sustente su petici&oacute;n.</li>\r\n</ul>\r\n</ul>\r\n<p class="Content_txt">El Oficial de Privacidad responder&aacute; su &ldquo;Solicitud ARCO-RC&rdquo; y los motivos de su decisi&oacute;n mediante un correo electr&oacute;nico en un plazo m&aacute;ximo de 20 d&iacute;as h&aacute;biles contados desde el d&iacute;a en que se haya recibido su &ldquo;Solicitud ARCO-RC&rdquo;. En caso de que la Solicitud ARCO-RC se conteste de manera afirmativa o procedente, los cambios solicitados se har&aacute;n en un plazo m&aacute;ximo de 15 d&iacute;as h&aacute;biles. El Responsable podr&aacute; notificarle dentro de los plazos referidos en este p&aacute;rrafo la pr&oacute;rroga de los mismos, por una sola vez, por un periodo igual al original.</p>\r\n<p class="Content_txt">Los Responsables podr&aacute;n negar el acceso (la &ldquo;Negativa&rdquo;) para que usted ejerza sus Derechos ARCO, o bien la Revocaci&oacute;n de su consentimiento, en los supuestos que lo permita la legislaci&oacute;n aplicable, por lo que deber&aacute; informar a usted el motivo de tal decisi&oacute;n.</p>\r\n<p class="Content_txt">La Negativa podr&aacute; ser parcial, en cuyo caso el Responsable efectuar&aacute; el acceso, rectificaci&oacute;n, cancelaci&oacute;n, oposici&oacute;n o Revocaci&oacute;n de consentimiento en la parte procedente.</p>\r\n<p class="Content_txt">El ejercicio de los Derechos ARCO ser&aacute; gratuito, pero si usted reitera su solicitud en un periodo menor a doce meses, los costos ser&aacute;n de tres d&iacute;as de Salario M&iacute;nimo General Vigente en el Distrito Federal, m&aacute;s I.V.A., a menos que existan modificaciones sustanciales al Aviso de Privacidad, que motiven nuevas Solicitudes ARCO. El medio a trav&eacute;s del cual se dar&aacute; acceso a su informaci&oacute;n, ser&aacute; determinado por los Responsables en atenci&oacute;n a la naturaleza de la informaci&oacute;n solicitada y el medio en el que se encuentre resguardada, dentro de los que se podr&iacute;a considerar: copias simples, documento electr&oacute;nico, entre otros. Usted deber&aacute; de cubrir los gastos justificados de env&iacute;o o el costo de reproducci&oacute;n en copias u otros formatos y, en su caso, el costo de la certificaci&oacute;n de documentos.</p>\r\n<p class="Content_txt">Para duda y/ aclaraci&oacute;n escribanos a: <a href="mailto:datospersonales@comex.com.mx">datospersonales@comex.com.mx</a>, o comun&iacute;quese al tel&eacute;fono (01 55) 1669-2346.</p>\r\n<ul>\r\n<li class="Content_txt">V.- <strong>Cambios o modificaciones al aviso de privacidad y Aviso de Vulneraci&oacute;n</strong></li>\r\n</ul>\r\n<p class="Content_txt">Los Responsables se reservan el derecho de efectuar en cualquier momento modificaciones o actualizaciones a su aviso de privacidad, en el entendido de que toda modificaci&oacute;n al mismo se le har&aacute; conocer a usted por medio de la publicaci&oacute;n de un aviso en la p&aacute;gina de internet <a href="http://www.comex.com.mx/aviso-privacidad">www.comex.com.mx/aviso-privacidad</a>, por lo que le recomendamos verificarla con frecuencia.</p>\r\n<p class="Content_txt">En caso de que ocurra una vulneraci&oacute;n de seguridad en cualquier fase del tratamiento de datos personales, que afecte de forma significativa sus derechos patrimoniales o morales, el Oficial de Privacidad le comunicar&aacute; de forma inmediata, en atenci&oacute;n a los protocolos de seguridad que en lo particular se establezca, por correo electr&oacute;nico el suceso de vulneraci&oacute;n de seguridad, para que usted pueda tomar las medidas necesarias correspondientes para la defensa de sus derechos. En caso de no contar con su correo electr&oacute;nico, la notificaci&oacute;n se publicar&aacute; en <a href="http://www.comex.com.mx/aviso-privacidad">www.comex.com.mx/aviso-privacidad</a>.</p>\r\n<ul>\r\n<li class="Content_txt"><strong>VI.- Transferencias de sus datos personales</strong></li>\r\n</ul>\r\n<p class="Content_txt">Le informamos que como Responsables no venderemos ni prestaremos sus datos personales a ning&uacute;n tercero no relacionado. Los Responsables, atendiendo a la naturaleza de su relaci&oacute;n como cliente/distribuidor, candidato/empleado, proveedor y visitante, &uacute;nicamente podr&aacute; transferir sus datos personales dentro y fuera del pa&iacute;s a la red de empresas filiales que integran PPG Industries, Inc., (incluidas las se&ntilde;aladas en el apartado I de este Aviso de Privacidad) y, en su caso, a la red de distribuidores o concesionarios de PPG Industries, Inc., los datos ser&aacute;n tratados para el cumplimiento y mantenimiento de la relaci&oacute;n jur&iacute;dica entre usted y los Responsables, as&iacute; como para los fines relacionados con los servicios, publicaciones, productos y novedades que conforman la red PPG Comex, en su caso. Las empresas que integran PPG Industries, Inc. se rigen bajo el cumplimiento de las leyes de privacidad y protecci&oacute;n de datos personales aplicables en la localidad, y mantienen pol&iacute;ticas de respeto y protecci&oacute;n hacia y para nuestros clientes, colaboradores candidatos, proveedores y visitantes, por lo que garantizamos el mismo nivel de protecci&oacute;n y compromiso en el tratamiento de sus datos personales.</p>\r\n<p class="Content_txt">Asimismo, los Responsables podr&aacute;n revelar la informaci&oacute;n personal que usted nos proporcione para cumplir con la legislaci&oacute;n aplicable o por requerimientos de la autoridad competente en la regi&oacute;n en la que opere.</p>\r\n<p><span class="Content_txt">Fecha de modificaci&oacute;n: 07/Marzo/2016.</span></p>', 3, '2017-01-24 15:42:19'),
(5, 'upload/1485293762_Sin título-2-01.jpg', '#b3b3b3', 'upload/1485293666_shutterstock_2130063162-01.jpg', '<blockquote>\r\n<h4 style="padding-left: 120px; text-align: justify;"><strong><sub>Sears es una cadena de tiendas departamentales con sede en M&eacute;xico, operando</sub><sub> 90 almacenes</sub><sub> ubicados en M&eacute;xico y uno en&nbsp;El Salvador.</sub></strong></h4>\r\n<h4 style="padding-left: 120px; text-align: justify;"><strong><sub>Es por ello que te invitamos a formar parte de nuestro equipo.</sub></strong></h4>\r\n</blockquote>', '<h5 style="text-align: center;">Por el inter&eacute;s mostrado por nuestra empresa y por el tiempo que nos dedicaste, te deseamos mucha suerte y en caso de ser elegido para alguna de nuestras vacantes nos pondremos en contacto contigo.</h5>', '<h6>"Responsable" del tratamiento de sus datos personales. SEARS &nbsp;S.A. de C.V., (&ldquo;Responsable&rdquo;) de conformidad con la Ley Federal de Protecci&oacute;n de Datos Personales en Posesi&oacute;n de los Particulares, es el &ldquo;Responsable&rdquo; del tratamiento de los personales que recaba de Usted, como &ldquo;Titular&rdquo; de los mismos. El presente &ldquo;Aviso de Privacidad Integral&rdquo;, es el complemento de cualesquiera otros avisos de privacidad simplificados o cortos que el &ldquo;Responsable&rdquo; haya puesto a su disposici&oacute;n y que sirve para informarle respecto a las finalidades primarias y secundarias para las cuales se trataran sus datos personales.</h6>', 4, '2017-01-24 19:38:57'),
(7, NULL, NULL, NULL, NULL, NULL, NULL, 6, '2017-01-27 23:45:42'),
(8, 'upload/1487102410_9.jpg', '#0080ff', 'upload/1487192845_5.jpg', '<h5 style="text-align: center;"><strong>Misi&oacute;n</strong><br />Fortalecer la protecci&oacute;n de los derechos y la seguridad de los migrantes nacionales y extranjeros, reconoci&eacute;ndolos como sujetos de derecho, a trav&eacute;s de una gesti&oacute;n migratoria eficiente, con base al marco legal y con pleno respeto a la dignidad humana.</h5>\r\n<h5 style="text-align: center;">Si eres una persona con vocaci&oacute;n de servicio, comprometida con tu pa&iacute;s y te gustar&iacute;a pertenecer a nuestra instituci&oacute;n, sigue los siguientes pasos:</h5>', '<h1 style="text-align: center;">&iexcl;Gracias por tu registro espera nuestra llamada!</h1>', '<h2 class="bottom-buffer">Pol&iacute;tica de Privacidad y Protecci&oacute;n de Datos Personales</h2>\r\n<p>El Gobierno Federal proteger&aacute; tus datos personales proporcionados a trav&eacute;s del portal<a href="http://www.gob.mx/"> gob.mx</a>, en los sucesivo <a href="http://www.gob.mx/">gob.mx</a>, Por esta raz&oacute;n, se da a conocer a sus usuarios las siguientes pol&iacute;ticas, basadas en la normatividad vigente aplicable a la protecci&oacute;n de datos personales.</p>\r\n<h3>Objeto.</h3>\r\n<p>La Pol&iacute;tica de Privacidad y Protecci&oacute;n de Datos Personales, en adelante la Pol&iacute;tica de Privacidad, explica c&oacute;mo se tratan y protegen los datos personales que sean recolectados en el portal <a href="http://www.gob.mx/"><em>gob.mx</em></a>; d&aacute;ndote la seguridad de que tus datos ser&aacute;n almacenados en plataformas seguras.</p>\r\n<h5>Responsable del tratamiento de los datos personales y fundamento para ello.</h5>\r\n<p>La Unidad de Gobierno Digital de la Secretar&iacute;a de la Funci&oacute;n P&uacute;blica, en adelante UGD, hace de tu conocimiento que el fundamento para administrar el portal www.gob.mx, se encuentra en los art&iacute;culos 6&deg; y 16 segundo p&aacute;rrafo de la Constituci&oacute;n Pol&iacute;tica de los Estados Unidos Mexicano; as&iacute; como en el art&iacute;culo 37, fracci&oacute;n XXVI, en relaci&oacute;n con el segundo transitorio de la Ley Org&aacute;nica de la Administraci&oacute;n P&uacute;blica Federal; el 18, fracciones I, VI, VII, VIII, IX, X y XIII del <a class="sendEst" title="Abre en nueva ventana" href="http://www.funcionpublica.gob.mx/web/doctos/conoce-la-sfp/reglamento-interior-sfp.pdf" target="_blank" rel="noopener noreferrer">Reglamento Interior de la Secretar&iacute;a de la Funci&oacute;n P&uacute;blica</a>, <a class="sendEst" title="Abre en nueva ventana" href="http://www.diputados.gob.mx/LeyesBiblio/doc/LGTAIP.doc" target="_blank" rel="noopener noreferrer">Ley General de Transparencia y Acceso a la Informaci&oacute;n P&uacute;blica</a>, <a class="sendEst" href="http://inicio.inai.org.mx/MarcoNormativoDocumentos/lineamientos_protdaper.pdf">Lineamientos de Protecci&oacute;n de Datos Personales</a>, el art&iacute;culo 20 de la&nbsp;<a class="sendEst" href="http://inicio.ifai.org.mx/LFTAIPG/LFTAIPG.pdf">Ley Federal de Transparencia y Acceso a la Informaci&oacute;n P&uacute;blica Gubernamental</a>; d&eacute;cimo sexto y d&eacute;cimo s&eacute;ptimo de los&nbsp;Lineamientos de Protecci&oacute;n de Datos Personales.</p>\r\n<p>No obstante lo anterior, la informaci&oacute;n recolectada a trav&eacute;s de gob.mx, es almacenada por cada una de las dependencias y entidades de la Administraci&oacute;n P&uacute;blica Federal y de las empresas productivas del Estado que cuentan con un espacio para publicar sus contenidos en virtud de sus atribuciones y/o facultades normativas. Por esta raz&oacute;n, la responsabilidad sobre la publicidad, veracidad y oportunidad de la misma es exclusiva de la Dependencia o Entidad que p&uacute;blica, y cada una ser&aacute; la responsable del tratamiento y uso de los datos que proporcione el usuario de conformidad con la normatividad aplicable en la materia.</p>\r\n<p>Los usuarios deben saber que al acceder a este portal pueden ser direccionados a otros sitios que est&aacute;n fuera de nuestro control. La Secretar&iacute;a de la Funci&oacute;n P&uacute;blica no endosa, representa ni garantiza la Pol&iacute;tica de Privacidad o el contenido de ning&uacute;n sitio de terceros que tenga enlaces desde o hacia el sitio <a href="http://www.gob.mx/"><em>gob.mx</em></a></p>\r\n<h5>Datos sometidos a tratamiento.</h5>\r\n<p>Los datos que se recolectan a trav&eacute;s del portal <a href="http://www.gob.mx/"><em>gob.mx</em></a>, ya sea por la Secretar&iacute;a de la Funci&oacute;n P&uacute;blica, o bien, por otros sitios de las dependencias y entidades de la Administraci&oacute;n P&uacute;blica Federal y empresas productivas del Estado, enlazados a trav&eacute;s de gob.mx de manera opcional, en ning&uacute;n caso son datos sensibles, y consisten en los siguientes datos: C.U.R.P., R.F.C., nombre completo y correo electr&oacute;nico.</p>\r\n<h5>Finalidades del tratamiento de los datos personales.</h5>\r\n<ul class="list-unstyled format">\r\n<li>Los datos personales podr&aacute;n ser tratados para los siguientes fines:</li>\r\n<li>a) Hacerte llegar el bolet&iacute;n de gob.mx;</li>\r\n<li>b) Habilitar el sistema para que puedas hacer comentarios;</li>\r\n<li>c) Los datos requeridos para realizar un tr&aacute;mite digitalizado.</li>\r\n<li>d) Realizar estad&iacute;sticas que nos permitan mejorar tu experiencia como usuario,</li>\r\n<li>e) Adem&aacute;s de otras transmisiones previstas en la Ley.</li>\r\n</ul>\r\n<p>La Pol&iacute;tica de Privacidad y Protecci&oacute;n de Datos Personales, en adelante la Pol&iacute;tica de Privacidad, explica c&oacute;mo se tratan y protegen los datos personales que sean recolectados en el portal gob.mx; d&aacute;ndote la seguridad de que tus datos ser&aacute;n almacenados en plataformas seguras.</p>\r\n<h5>Nombre del sistema de datos personales.</h5>\r\n<p>El portal <a href="http://www.gob.mx/"><em>gob.mx</em></a>, se encuentra registrado en el Listado de sistemas de datos personales (bajo el nombre <strong>&ldquo;PORTAL CIUDADANO&rdquo;</strong>) ante el Instituto Nacional de Transparencia, Acceso a la Informaci&oacute;n y Protecci&oacute;n de Datos Personales (<a class="sendEst" href="http://www.inai.org.mx/">www.inai.org.mx</a>) y &eacute;stos podr&aacute;n ser transmitidos a otras dependencias y entidades de la Administraci&oacute;n P&uacute;blica Federal y empresas productivas del Estado con el prop&oacute;sito de continuar y completar el correspondiente tr&aacute;mite ante la instancia competente, adem&aacute;s de otros tratamientos y usos permitidos por la Ley.</p>\r\n<h5>Consentimiento en materia de protecci&oacute;n de datos personales.</h5>\r\n<p>Los datos personales podr&aacute;n ser tratados sin consentimiento del titular, siempre en respeto a los derechos de los usuarios, y s&oacute;lo por razones de seguridad nacional, disposiciones de orden p&uacute;blico, seguridad y salud p&uacute;blicas o para proteger los derechos de terceros, seg&uacute;n lo establece de esta manera, el segundo p&aacute;rrafo del art&iacute;culo 16, de la <a class="sendEst" title="Abre en nueva ventana" href="http://www.ordenjuridico.gob.mx/Constitucion/cn16.pdf" target="_blank" rel="noopener noreferrer">Constituci&oacute;n Pol&iacute;tica de los Estados Unidos Mexicanos</a>, as&iacute; como en los supuestos previstos por el art&iacute;culo 22 de la <a class="sendEst" title="Abre en nueva ventana" href="http://inicio.ifai.org.mx/LFTAIPG/LFTAIPG.pdf" target="_blank" rel="noopener noreferrer">Ley Federal de Transparencia y Acceso a la Informaci&oacute;n P&uacute;blica Gubernamental</a>.</p>\r\n<h5>Uso de cookies.</h5>\r\n<p>El portal <a href="http://www.gob.mx/"><em>gob.mx</em></a> utiliza cookies para ayudarnos a obtener informaci&oacute;n estad&iacute;stica sobre el uso del portal. En cualquier momento puede eliminar la cookie que utiliza nuestro portal, accediendo a las preferencias de configuraci&oacute;n de su navegador. Igualmente puede impedir que vuelva a instalarse dicho archivo, realizando los ajustes correspondientes en las preferencias de configuraci&oacute;n de su navegador.</p>\r\n<h5>Cambios y actualizaciones a la Pol&iacute;tica de Privacidad.</h5>\r\n<p>La presente pol&iacute;tica de privacidad puede cambiar o actualizarse peri&oacute;dicamente; por lo que te pedimos la revises constantemente y puedas&nbsp;estar al tanto de la &uacute;ltima versi&oacute;n que rige el tratamiento de tus datos personales. No obstante lo anterior, la presente pol&iacute;tica de privacidad siempre deber&aacute; observar las disposiciones jur&iacute;dicas aplicables.</p>\r\n<h5>Acceso y correcci&oacute;n de tus datos personales.</h5>\r\n<p>Las Dependencias y Entidades de la Administraci&oacute;n P&uacute;blica Federal y de las empresas productivas del Estado, deber&aacute;n permitir al interesado ejercer los derechos de acceso y correcci&oacute;n de datos personales de conformidad con el art&iacute;culo 16 parrafo segundo de la <a class="sendEst" title="Abre en nueva ventana" href="http://www.ordenjuridico.gob.mx/Constitucion/cn16.pdf" target="_blank" rel="noopener noreferrer">Constituci&oacute;n Pol&iacute;tica de los Estados Unidos Mexicanos</a>, as&iacute; como los art&iacute;culos 24 y 25 de la <a class="sendEst" title="Abre en nueva ventana" href="http://inicio.ifai.org.mx/LFTAIPG/LFTAIPG.pdf" target="_blank" rel="noopener noreferrer">Ley Federal de Transparencia y Acceso a la Informaci&oacute;n P&uacute;blica Gubernamental</a>, as&iacute; como el 47 de su Reglamento, y conforme a los procedimientos y mecanismos previstos en los lineamientos emitidos en esa materia por el INAI. Lo anterior tambi&eacute;n, en cumplimiento del D&eacute;cimo S&eacute;ptimo y D&eacute;cimo Octavo de los <a class="sendEst" title="Abre en nueva ventana" href="http://inicio.inai.org.mx/MarcoNormativoDocumentos/lineamientos_protdaper.pdf" target="_blank" rel="noopener noreferrer">Lineamientos de Protecci&oacute;n de Datos Personales</a>.</p>\r\n<p>Para ejercer los derechos de acceso y correcci&oacute;n, podr&aacute; acudir a la direcci&oacute;n: Avenida Insurgentes Sur #1735, Colonia Guadalupe Inn, Delegaci&oacute;n &Aacute;lvaro Obreg&oacute;n, M&eacute;xico, Distrito Federal, C&oacute;digo Postal 01020, T. (55) 2000-3000 o a trav&eacute;s del sistema <a class="sendEst" title="Abre en nueva ventana" href="https://www.infomex.org.mx/gobiernofederal/home.action" target="_blank" rel="noopener noreferrer">INFOMEX</a></p>', 7, '2017-02-14 19:07:44'),
(9, 'upload/1487185273_te-connectivity-logo.jpg', '#17677d', 'upload/1487185521_te-connectivity.jpg', '<h1 style="text-align: center;">&nbsp;</h1>\r\n<h1 style="text-align: center;"><strong>&iexcl;Registra tus datos y nosotros te marcamos!</strong></h1>\r\n<h1 style="text-align: center;"><strong><img src="http://cdn.makeuseof.com/wp-content/uploads/2014/11/beginner-electronics-670x335.jpg?856a97" alt="" width="670" height="335" /></strong></h1>', '<p style="text-align: center;">&nbsp;</p>\r\n<h1 style="text-align: center;">Gracias por registarte, espera nuestra llamada.</h1>', NULL, 8, '2017-02-15 18:51:40');

-- --------------------------------------------------------

--
-- Estructura de tabla para la tabla `company_municipios`
--

CREATE TABLE IF NOT EXISTS `company_municipios` (
  `id` int(11) NOT NULL AUTO_INCREMENT,
  `estados_id` int(11) NOT NULL,
  `municipio` text NOT NULL,
  PRIMARY KEY (`id`)
) ENGINE=MyISAM  DEFAULT CHARSET=latin1 AUTO_INCREMENT=4921 ;

--
-- Volcado de datos para la tabla `company_municipios`
--

INSERT INTO `company_municipios` (`id`, `estados_id`, `municipio`) VALUES
(1, 1, 'Aguascalientes'),
(2, 1, 'Asientos'),
(3, 1, 'Calvillo'),
(13, 1, 'Cosío'),
(15, 1, 'Jesús María'),
(17, 1, 'Pabellón de Arteaga'),
(19, 1, 'Rincón de Romos'),
(21, 1, 'San José de Gracia'),
(23, 1, 'Tepezalá'),
(25, 1, 'El Llano'),
(27, 1, 'San Francisco de los Romo'),
(29, 2, 'Ensenada'),
(31, 2, 'Mexicali'),
(33, 2, 'Tecate'),
(35, 2, 'Tijuana'),
(37, 2, 'Playas de Rosarito'),
(39, 3, 'Comondú'),
(41, 3, 'Mulegé'),
(43, 3, 'La Paz'),
(45, 3, 'Los Cabos'),
(47, 3, 'Loreto'),
(49, 4, 'Calkiní'),
(51, 4, 'Campeche'),
(53, 4, 'Carmen'),
(55, 4, 'Champotón'),
(57, 4, 'Hecelchakán'),
(59, 4, 'Hopelchén'),
(61, 4, 'Palizada'),
(63, 4, 'Tenabo'),
(65, 4, 'Escárcega'),
(67, 4, 'Calakmul'),
(69, 4, 'Candelaria'),
(71, 5, 'Abasolo'),
(73, 5, 'Acuña'),
(75, 5, 'Allende'),
(77, 5, 'Arteaga'),
(79, 5, 'Candela'),
(81, 5, 'Castaños'),
(83, 5, 'Cuatro Ciénegas'),
(85, 5, 'Escobedo'),
(87, 5, 'Francisco I. Madero'),
(89, 5, 'Frontera'),
(91, 5, 'General Cepeda'),
(93, 5, 'Guerrero'),
(95, 5, 'Hidalgo'),
(97, 5, 'Jiménez'),
(99, 5, 'Juárez'),
(101, 5, 'Lamadrid'),
(103, 5, 'Matamoros'),
(105, 5, 'Monclova'),
(107, 5, 'Morelos'),
(109, 5, 'Múzquiz'),
(111, 5, 'Nadadores'),
(113, 5, 'Nava'),
(115, 5, 'Ocampo'),
(117, 5, 'Parras'),
(119, 5, 'Piedras Negras'),
(121, 5, 'Progreso'),
(123, 5, 'Ramos Arizpe'),
(125, 5, 'Sabinas'),
(127, 5, 'Sacramento'),
(129, 5, 'Saltillo'),
(131, 5, 'San Buenaventura'),
(133, 5, 'San Juan de Sabinas'),
(135, 5, 'San Pedro'),
(137, 5, 'Sierra Mojada'),
(139, 5, 'Torreón'),
(141, 5, 'Viesca'),
(143, 5, 'Villa Unión'),
(145, 5, 'Zaragoza'),
(147, 6, 'Armería'),
(149, 6, 'Colima'),
(151, 6, 'Comala'),
(153, 6, 'Coquimatlán'),
(155, 6, 'Cuauhtémoc'),
(157, 6, 'Ixtlahuacán'),
(159, 6, 'Manzanillo'),
(161, 6, 'Minatitlán'),
(163, 6, 'Tecomán'),
(165, 6, 'Villa de Álvarez'),
(167, 7, 'Acacoyagua'),
(169, 7, 'Acala'),
(171, 7, 'Acapetahua'),
(173, 7, 'Altamirano'),
(175, 7, 'Amatán'),
(177, 7, 'Amatenango de la Frontera'),
(179, 7, 'Amatenango del Valle'),
(181, 7, 'Angel Albino Corzo'),
(183, 7, 'Arriaga'),
(185, 7, 'Bejucal de Ocampo'),
(187, 7, 'Bella Vista'),
(189, 7, 'Berriozábal'),
(191, 7, 'Bochil'),
(193, 7, 'El Bosque'),
(195, 7, 'Cacahoatán'),
(197, 7, 'Catazajá'),
(199, 7, 'Cintalapa'),
(201, 7, 'Coapilla'),
(203, 7, 'Comitán de Domínguez'),
(205, 7, 'La Concordia'),
(207, 7, 'Copainalá'),
(209, 7, 'Chalchihuitán'),
(211, 7, 'Chamula'),
(213, 7, 'Chanal'),
(215, 7, 'Chapultenango'),
(217, 7, 'Chenalhó'),
(219, 7, 'Chiapa de Corzo'),
(221, 7, 'Chiapilla'),
(223, 7, 'Chicoasén'),
(225, 7, 'Chicomuselo'),
(227, 7, 'Chilón'),
(229, 7, 'Escuintla'),
(231, 7, 'Francisco León'),
(233, 7, 'Frontera Comalapa'),
(235, 7, 'Frontera Hidalgo'),
(237, 7, 'La Grandeza'),
(239, 7, 'Huehuetán'),
(241, 7, 'Huixtán'),
(243, 7, 'Huitiupán'),
(245, 7, 'Huixtla'),
(247, 7, 'La Independencia'),
(249, 7, 'Ixhuatán'),
(251, 7, 'Ixtacomitán'),
(253, 7, 'Ixtapa'),
(255, 7, 'Ixtapangajoya'),
(257, 7, 'Jiquipilas'),
(259, 7, 'Jitotol'),
(263, 7, 'Larráinzar'),
(265, 7, 'La Libertad'),
(267, 7, 'Mapastepec'),
(269, 7, 'Las Margaritas'),
(271, 7, 'Mazapa de Madero'),
(273, 7, 'Mazatán'),
(275, 7, 'Metapa'),
(277, 7, 'Mitontic'),
(279, 7, 'Motozintla'),
(281, 7, 'Nicolás Ruíz'),
(283, 7, 'Ocosingo'),
(285, 7, 'Ocotepec'),
(287, 7, 'Ocozocoautla de Espinosa'),
(289, 7, 'Ostuacán'),
(291, 7, 'Osumacinta'),
(293, 7, 'Oxchuc'),
(295, 7, 'Palenque'),
(297, 7, 'Pantelhó'),
(299, 7, 'Pantepec'),
(301, 7, 'Pichucalco'),
(303, 7, 'Pijijiapan'),
(305, 7, 'El Porvenir'),
(307, 7, 'Villa Comaltitlán'),
(309, 7, 'Pueblo Nuevo Solistahuacán'),
(311, 7, 'Rayón'),
(313, 7, 'Reforma'),
(315, 7, 'Las Rosas'),
(317, 7, 'Sabanilla'),
(319, 7, 'Salto de Agua'),
(321, 7, 'San Cristóbal de las Casas'),
(323, 7, 'San Fernando'),
(325, 7, 'Siltepec'),
(327, 7, 'Simojovel'),
(329, 7, 'Sitalá'),
(331, 7, 'Socoltenango'),
(333, 7, 'Solosuchiapa'),
(335, 7, 'Soyaló'),
(337, 7, 'Suchiapa'),
(339, 7, 'Suchiate'),
(341, 7, 'Sunuapa'),
(343, 7, 'Tapachula'),
(345, 7, 'Tapalapa'),
(347, 7, 'Tapilula'),
(349, 7, 'Tecpatán'),
(351, 7, 'Tenejapa'),
(353, 7, 'Teopisca'),
(355, 7, 'Tila'),
(357, 7, 'Tonalá'),
(359, 7, 'Totolapa'),
(361, 7, 'La Trinitaria'),
(363, 7, 'Tumbalá'),
(365, 7, 'Tuxtla Gutiérrez'),
(367, 7, 'Tuxtla Chico'),
(369, 7, 'Tuzantán'),
(371, 7, 'Tzimol'),
(373, 7, 'Unión Juárez'),
(375, 7, 'Venustiano Carranza'),
(377, 7, 'Villa Corzo'),
(379, 7, 'Villaflores'),
(381, 7, 'Yajalón'),
(383, 7, 'San Lucas'),
(385, 7, 'Zinacantán'),
(387, 7, 'San Juan Cancuc'),
(389, 7, 'Aldama'),
(391, 7, 'Benemérito de las Américas'),
(393, 7, 'Maravilla Tenejapa'),
(395, 7, 'Marqués de Comillas'),
(397, 7, 'Montecristo de Guerrero'),
(399, 7, 'San Andrés Duraznal'),
(401, 7, 'Santiago el Pinar'),
(403, 8, 'Ahumada'),
(409, 8, 'Aquiles Serdán'),
(411, 8, 'Ascensión'),
(413, 8, 'Bachíniva'),
(415, 8, 'Balleza'),
(417, 8, 'Batopilas'),
(419, 8, 'Bocoyna'),
(421, 8, 'Buenaventura'),
(423, 8, 'Camargo'),
(425, 8, 'Carichí'),
(427, 8, 'Casas Grandes'),
(429, 8, 'Coronado'),
(431, 8, 'Coyame del Sotol'),
(433, 8, 'La Cruz'),
(437, 8, 'Cusihuiriachi'),
(439, 8, 'Chihuahua'),
(441, 8, 'Chínipas'),
(443, 8, 'Delicias'),
(445, 8, 'Dr. Belisario Domínguez'),
(447, 8, 'Galeana'),
(449, 8, 'Santa Isabel'),
(451, 8, 'Gómez Farías'),
(453, 8, 'Gran Morelos'),
(455, 8, 'Guachochi'),
(457, 8, 'Guadalupe'),
(459, 8, 'Guadalupe y Calvo'),
(461, 8, 'Guazapares'),
(465, 8, 'Hidalgo del Parral'),
(467, 8, 'Huejotitán'),
(469, 8, 'Ignacio Zaragoza'),
(471, 8, 'Janos'),
(477, 8, 'Julimes'),
(479, 8, 'López'),
(481, 8, 'Madera'),
(483, 8, 'Maguarichi'),
(485, 8, 'Manuel Benavides'),
(487, 8, 'Matachí'),
(491, 8, 'Meoqui'),
(495, 8, 'Moris'),
(497, 8, 'Namiquipa'),
(499, 8, 'Nonoava'),
(501, 8, 'Nuevo Casas Grandes'),
(505, 8, 'Ojinaga'),
(507, 8, 'Praxedis G. Guerrero'),
(509, 8, 'Riva Palacio'),
(511, 8, 'Rosales'),
(513, 8, 'Rosario'),
(515, 8, 'San Francisco de Borja'),
(517, 8, 'San Francisco de Conchos'),
(519, 8, 'San Francisco del Oro'),
(521, 8, 'Santa Bárbara'),
(523, 8, 'Satevó'),
(525, 8, 'Saucillo'),
(527, 8, 'Temósachic'),
(529, 8, 'El Tule'),
(531, 8, 'Urique'),
(533, 8, 'Uruachi'),
(535, 8, 'Valle de Zaragoza'),
(537, 9, 'Azcapotzalco'),
(539, 9, 'Coyoacán'),
(541, 9, 'Cuajimalpa de Morelos'),
(543, 9, 'Gustavo A. Madero'),
(545, 9, 'Iztacalco'),
(547, 9, 'Iztapalapa'),
(549, 9, 'La Magdalena Contreras'),
(551, 9, 'Milpa Alta'),
(553, 9, 'Álvaro Obregón'),
(555, 9, 'Tláhuac'),
(557, 9, 'Tlalpan'),
(559, 9, 'Xochimilco'),
(561, 9, 'Benito Juárez'),
(565, 9, 'Miguel Hidalgo'),
(569, 10, 'Canatlán'),
(571, 10, 'Canelas'),
(573, 10, 'Coneto de Comonfort'),
(575, 10, 'Cuencamé'),
(577, 10, 'Durango'),
(579, 10, 'General Simón Bolívar'),
(581, 10, 'Gómez Palacio'),
(583, 10, 'Guadalupe Victoria'),
(585, 10, 'Guanaceví'),
(589, 10, 'Indé'),
(591, 10, 'Lerdo'),
(593, 10, 'Mapimí'),
(595, 10, 'Mezquital'),
(597, 10, 'Nazas'),
(599, 10, 'Nombre de Dios'),
(603, 10, 'El Oro'),
(605, 10, 'Otáez'),
(607, 10, 'Pánuco de Coronado'),
(609, 10, 'Peñón Blanco'),
(611, 10, 'Poanas'),
(613, 10, 'Pueblo Nuevo'),
(615, 10, 'Rodeo'),
(617, 10, 'San Bernardo'),
(619, 10, 'San Dimas'),
(621, 10, 'San Juan de Guadalupe'),
(623, 10, 'San Juan del Río'),
(625, 10, 'San Luis del Cordero'),
(627, 10, 'San Pedro del Gallo'),
(629, 10, 'Santa Clara'),
(631, 10, 'Santiago Papasquiaro'),
(633, 10, 'Súchil'),
(635, 10, 'Tamazula'),
(637, 10, 'Tepehuanes'),
(639, 10, 'Tlahualilo'),
(641, 10, 'Topia'),
(643, 10, 'Vicente Guerrero'),
(645, 10, 'Nuevo Ideal'),
(649, 11, 'Acámbaro'),
(651, 11, 'San Miguel de Allende'),
(653, 11, 'Apaseo el Alto'),
(655, 11, 'Apaseo el Grande'),
(657, 11, 'Atarjea'),
(659, 11, 'Celaya'),
(661, 11, 'Manuel Doblado'),
(663, 11, 'Comonfort'),
(665, 11, 'Coroneo'),
(667, 11, 'Cortazar'),
(669, 11, 'Cuerámaro'),
(671, 11, 'Doctor Mora'),
(673, 11, 'Dolores Hidalgo Cuna de la Independencia Nacional'),
(675, 11, 'Guanajuato'),
(677, 11, 'Huanímaro'),
(679, 11, 'Irapuato'),
(681, 11, 'Jaral del Progreso'),
(683, 11, 'Jerécuaro'),
(685, 11, 'León'),
(687, 11, 'Moroleón'),
(691, 11, 'Pénjamo'),
(695, 11, 'Purísima del Rincón'),
(697, 11, 'Romita'),
(699, 11, 'Salamanca'),
(701, 11, 'Salvatierra'),
(703, 11, 'San Diego de la Unión'),
(705, 11, 'San Felipe'),
(707, 11, 'San Francisco del Rincón'),
(709, 11, 'San José Iturbide'),
(711, 11, 'San Luis de la Paz'),
(713, 11, 'Santa Catarina'),
(715, 11, 'Santa Cruz de Juventino Rosas'),
(717, 11, 'Santiago Maravatío'),
(719, 11, 'Silao de la Victoria'),
(721, 11, 'Tarandacuao'),
(723, 11, 'Tarimoro'),
(725, 11, 'Tierra Blanca'),
(727, 11, 'Uriangato'),
(729, 11, 'Valle de Santiago'),
(731, 11, 'Victoria'),
(733, 11, 'Villagrán'),
(735, 11, 'Xichú'),
(737, 11, 'Yuriria'),
(739, 12, 'Acapulco de Juárez'),
(741, 12, 'Ahuacuotzingo'),
(743, 12, 'Ajuchitlán del Progreso'),
(745, 12, 'Alcozauca de Guerrero'),
(747, 12, 'Alpoyeca'),
(749, 12, 'Apaxtla'),
(751, 12, 'Arcelia'),
(753, 12, 'Atenango del Río'),
(755, 12, 'Atlamajalcingo del Monte'),
(757, 12, 'Atlixtac'),
(759, 12, 'Atoyac de Álvarez'),
(761, 12, 'Ayutla de los Libres'),
(763, 12, 'Azoyú'),
(767, 12, 'Buenavista de Cuéllar'),
(769, 12, 'Coahuayutla de José María Izazaga'),
(771, 12, 'Cocula'),
(773, 12, 'Copala'),
(775, 12, 'Copalillo'),
(777, 12, 'Copanatoyac'),
(779, 12, 'Coyuca de Benítez'),
(781, 12, 'Coyuca de Catalán'),
(783, 12, 'Cuajinicuilapa'),
(785, 12, 'Cualác'),
(787, 12, 'Cuautepec'),
(789, 12, 'Cuetzala del Progreso'),
(791, 12, 'Cutzamala de Pinzón'),
(793, 12, 'Chilapa de Álvarez'),
(795, 12, 'Chilpancingo de los Bravo'),
(797, 12, 'Florencio Villarreal'),
(799, 12, 'General Canuto A. Neri'),
(801, 12, 'General Heliodoro Castillo'),
(803, 12, 'Huamuxtitlán'),
(805, 12, 'Huitzuco de los Figueroa'),
(807, 12, 'Iguala de la Independencia'),
(809, 12, 'Igualapa'),
(811, 12, 'Ixcateopan de Cuauhtémoc'),
(813, 12, 'Zihuatanejo de Azueta'),
(815, 12, 'Juan R. Escudero'),
(817, 12, 'Leonardo Bravo'),
(819, 12, 'Malinaltepec'),
(821, 12, 'Mártir de Cuilapan'),
(823, 12, 'Metlatónoc'),
(825, 12, 'Mochitlán'),
(827, 12, 'Olinalá'),
(829, 12, 'Ometepec'),
(831, 12, 'Pedro Ascencio Alquisiras'),
(833, 12, 'Petatlán'),
(835, 12, 'Pilcaya'),
(837, 12, 'Pungarabato'),
(839, 12, 'Quechultenango'),
(841, 12, 'San Luis Acatlán'),
(843, 12, 'San Marcos'),
(845, 12, 'San Miguel Totolapan'),
(847, 12, 'Taxco de Alarcón'),
(849, 12, 'Tecoanapa'),
(851, 12, 'Técpan de Galeana'),
(853, 12, 'Teloloapan'),
(855, 12, 'Tepecoacuilco de Trujano'),
(857, 12, 'Tetipac'),
(859, 12, 'Tixtla de Guerrero'),
(861, 12, 'Tlacoachistlahuaca'),
(863, 12, 'Tlacoapa'),
(865, 12, 'Tlalchapa'),
(867, 12, 'Tlalixtaquilla de Maldonado'),
(869, 12, 'Tlapa de Comonfort'),
(871, 12, 'Tlapehuala'),
(873, 12, 'La Unión de Isidoro Montes de Oca'),
(875, 12, 'Xalpatláhuac'),
(877, 12, 'Xochihuehuetlán'),
(879, 12, 'Xochistlahuaca'),
(881, 12, 'Zapotitlán Tablas'),
(883, 12, 'Zirándaro'),
(885, 12, 'Zitlala'),
(887, 12, 'Eduardo Neri'),
(889, 12, 'Acatepec'),
(891, 12, 'Marquelia'),
(893, 12, 'Cochoapa el Grande'),
(895, 12, 'José Joaquín de Herrera'),
(897, 12, 'Juchitán'),
(899, 12, 'Iliatenco'),
(901, 13, 'Acatlán'),
(903, 13, 'Acaxochitlán'),
(905, 13, 'Actopan'),
(907, 13, 'Agua Blanca de Iturbide'),
(909, 13, 'Ajacuba'),
(911, 13, 'Alfajayucan'),
(913, 13, 'Almoloya'),
(915, 13, 'Apan'),
(917, 13, 'El Arenal'),
(919, 13, 'Atitalaquia'),
(921, 13, 'Atlapexco'),
(923, 13, 'Atotonilco el Grande'),
(925, 13, 'Atotonilco de Tula'),
(927, 13, 'Calnali'),
(929, 13, 'Cardonal'),
(931, 13, 'Cuautepec de Hinojosa'),
(933, 13, 'Chapantongo'),
(935, 13, 'Chapulhuacán'),
(937, 13, 'Chilcuautla'),
(939, 13, 'Eloxochitlán'),
(941, 13, 'Emiliano Zapata'),
(943, 13, 'Epazoyucan'),
(947, 13, 'Huasca de Ocampo'),
(949, 13, 'Huautla'),
(951, 13, 'Huazalingo'),
(953, 13, 'Huehuetla'),
(955, 13, 'Huejutla de Reyes'),
(957, 13, 'Huichapan'),
(959, 13, 'Ixmiquilpan'),
(961, 13, 'Jacala de Ledezma'),
(963, 13, 'Jaltocán'),
(965, 13, 'Juárez Hidalgo'),
(967, 13, 'Lolotla'),
(969, 13, 'Metepec'),
(971, 13, 'San Agustín Metzquititlán'),
(973, 13, 'Metztitlán'),
(975, 13, 'Mineral del Chico'),
(977, 13, 'Mineral del Monte'),
(979, 13, 'La Misión'),
(981, 13, 'Mixquiahuala de Juárez'),
(983, 13, 'Molango de Escamilla'),
(985, 13, 'Nicolás Flores'),
(987, 13, 'Nopala de Villagrán'),
(989, 13, 'Omitlán de Juárez'),
(991, 13, 'San Felipe Orizatlán'),
(993, 13, 'Pacula'),
(995, 13, 'Pachuca de Soto'),
(997, 13, 'Pisaflores'),
(999, 13, 'Progreso de Obregón'),
(1001, 13, 'Mineral de la Reforma'),
(1003, 13, 'San Agustín Tlaxiaca'),
(1005, 13, 'San Bartolo Tutotepec'),
(1007, 13, 'San Salvador'),
(1009, 13, 'Santiago de Anaya'),
(1011, 13, 'Santiago Tulantepec de Lugo Guerrero'),
(1013, 13, 'Singuilucan'),
(1015, 13, 'Tasquillo'),
(1017, 13, 'Tecozautla'),
(1019, 13, 'Tenango de Doria'),
(1021, 13, 'Tepeapulco'),
(1023, 13, 'Tepehuacán de Guerrero'),
(1025, 13, 'Tepeji del Río de Ocampo'),
(1027, 13, 'Tepetitlán'),
(1029, 13, 'Tetepango'),
(1031, 13, 'Villa de Tezontepec'),
(1033, 13, 'Tezontepec de Aldama'),
(1035, 13, 'Tianguistengo'),
(1037, 13, 'Tizayuca'),
(1039, 13, 'Tlahuelilpan'),
(1041, 13, 'Tlahuiltepa'),
(1043, 13, 'Tlanalapa'),
(1045, 13, 'Tlanchinol'),
(1047, 13, 'Tlaxcoapan'),
(1049, 13, 'Tolcayuca'),
(1051, 13, 'Tula de Allende'),
(1053, 13, 'Tulancingo de Bravo'),
(1055, 13, 'Xochiatipan'),
(1057, 13, 'Xochicoatlán'),
(1059, 13, 'Yahualica'),
(1061, 13, 'Zacualtipán de Ángeles'),
(1063, 13, 'Zapotlán de Juárez'),
(1065, 13, 'Zempoala'),
(1067, 13, 'Zimapán'),
(1069, 14, 'Acatic'),
(1071, 14, 'Acatlán de Juárez'),
(1073, 14, 'Ahualulco de Mercado'),
(1075, 14, 'Amacueca'),
(1077, 14, 'Amatitán'),
(1079, 14, 'Ameca'),
(1081, 14, 'San Juanito de Escobedo'),
(1083, 14, 'Arandas'),
(1087, 14, 'Atemajac de Brizuela'),
(1089, 14, 'Atengo'),
(1091, 14, 'Atenguillo'),
(1093, 14, 'Atotonilco el Alto'),
(1095, 14, 'Atoyac'),
(1097, 14, 'Autlán de Navarro'),
(1099, 14, 'Ayotlán'),
(1101, 14, 'Ayutla'),
(1103, 14, 'La Barca'),
(1105, 14, 'Bolaños'),
(1107, 14, 'Cabo Corrientes'),
(1109, 14, 'Casimiro Castillo'),
(1111, 14, 'Cihuatlán'),
(1113, 14, 'Zapotlán el Grande'),
(1117, 14, 'Colotlán'),
(1119, 14, 'Concepción de Buenos Aires'),
(1121, 14, 'Cuautitlán de García Barragán'),
(1123, 14, 'Cuautla'),
(1125, 14, 'Cuquío'),
(1127, 14, 'Chapala'),
(1129, 14, 'Chimaltitán'),
(1131, 14, 'Chiquilistlán'),
(1133, 14, 'Degollado'),
(1135, 14, 'Ejutla'),
(1137, 14, 'Encarnación de Díaz'),
(1139, 14, 'Etzatlán'),
(1141, 14, 'El Grullo'),
(1143, 14, 'Guachinango'),
(1145, 14, 'Guadalajara'),
(1147, 14, 'Hostotipaquillo'),
(1149, 14, 'Huejúcar'),
(1151, 14, 'Huejuquilla el Alto'),
(1153, 14, 'La Huerta'),
(1155, 14, 'Ixtlahuacán de los Membrillos'),
(1157, 14, 'Ixtlahuacán del Río'),
(1159, 14, 'Jalostotitlán'),
(1161, 14, 'Jamay'),
(1165, 14, 'Jilotlán de los Dolores'),
(1167, 14, 'Jocotepec'),
(1169, 14, 'Juanacatlán'),
(1171, 14, 'Juchitlán'),
(1173, 14, 'Lagos de Moreno'),
(1175, 14, 'El Limón'),
(1177, 14, 'Magdalena'),
(1179, 14, 'Santa María del Oro'),
(1181, 14, 'La Manzanilla de la Paz'),
(1183, 14, 'Mascota'),
(1185, 14, 'Mazamitla'),
(1187, 14, 'Mexticacán'),
(1189, 14, 'Mezquitic'),
(1191, 14, 'Mixtlán'),
(1193, 14, 'Ocotlán'),
(1195, 14, 'Ojuelos de Jalisco'),
(1197, 14, 'Pihuamo'),
(1199, 14, 'Poncitlán'),
(1201, 14, 'Puerto Vallarta'),
(1203, 14, 'Villa Purificación'),
(1205, 14, 'Quitupan'),
(1207, 14, 'El Salto'),
(1209, 14, 'San Cristóbal de la Barranca'),
(1211, 14, 'San Diego de Alejandría'),
(1213, 14, 'San Juan de los Lagos'),
(1215, 14, 'San Julián'),
(1219, 14, 'San Martín de Bolaños'),
(1221, 14, 'San Martín Hidalgo'),
(1223, 14, 'San Miguel el Alto'),
(1227, 14, 'San Sebastián del Oeste'),
(1229, 14, 'Santa María de los Ángeles'),
(1231, 14, 'Sayula'),
(1233, 14, 'Tala'),
(1235, 14, 'Talpa de Allende'),
(1237, 14, 'Tamazula de Gordiano'),
(1239, 14, 'Tapalpa'),
(1241, 14, 'Tecalitlán'),
(1243, 14, 'Tecolotlán'),
(1245, 14, 'Techaluta de Montenegro'),
(1247, 14, 'Tenamaxtlán'),
(1249, 14, 'Teocaltiche'),
(1251, 14, 'Teocuitatlán de Corona'),
(1253, 14, 'Tepatitlán de Morelos'),
(1255, 14, 'Tequila'),
(1257, 14, 'Teuchitlán'),
(1259, 14, 'Tizapán el Alto'),
(1261, 14, 'Tlajomulco de Zúñiga'),
(1263, 14, 'San Pedro Tlaquepaque'),
(1265, 14, 'Tolimán'),
(1267, 14, 'Tomatlán'),
(1271, 14, 'Tonaya'),
(1273, 14, 'Tonila'),
(1275, 14, 'Totatiche'),
(1277, 14, 'Tototlán'),
(1279, 14, 'Tuxcacuesco'),
(1281, 14, 'Tuxcueca'),
(1283, 14, 'Tuxpan'),
(1285, 14, 'Unión de San Antonio'),
(1287, 14, 'Unión de Tula'),
(1289, 14, 'Valle de Guadalupe'),
(1291, 14, 'Valle de Juárez'),
(1293, 14, 'San Gabriel'),
(1295, 14, 'Villa Corona'),
(1297, 14, 'Villa Guerrero'),
(1299, 14, 'Villa Hidalgo'),
(1301, 14, 'Cañadas de Obregón'),
(1303, 14, 'Yahualica de González Gallo'),
(1305, 14, 'Zacoalco de Torres'),
(1307, 14, 'Zapopan'),
(1309, 14, 'Zapotiltic'),
(1311, 14, 'Zapotitlán de Vadillo'),
(1313, 14, 'Zapotlán del Rey'),
(1315, 14, 'Zapotlanejo'),
(1317, 14, 'San Ignacio Cerro Gordo'),
(1319, 15, 'Acambay de Ruíz Castañeda'),
(1321, 15, 'Acolman'),
(1323, 15, 'Aculco'),
(1325, 15, 'Almoloya de Alquisiras'),
(1327, 15, 'Almoloya de Juárez'),
(1329, 15, 'Almoloya del Río'),
(1331, 15, 'Amanalco'),
(1333, 15, 'Amatepec'),
(1335, 15, 'Amecameca'),
(1337, 15, 'Apaxco'),
(1339, 15, 'Atenco'),
(1341, 15, 'Atizapán'),
(1343, 15, 'Atizapán de Zaragoza'),
(1345, 15, 'Atlacomulco'),
(1347, 15, 'Atlautla'),
(1349, 15, 'Axapusco'),
(1351, 15, 'Ayapango'),
(1353, 15, 'Calimaya'),
(1355, 15, 'Capulhuac'),
(1357, 15, 'Coacalco de Berriozábal'),
(1359, 15, 'Coatepec Harinas'),
(1361, 15, 'Cocotitlán'),
(1363, 15, 'Coyotepec'),
(1365, 15, 'Cuautitlán'),
(1367, 15, 'Chalco'),
(1369, 15, 'Chapa de Mota'),
(1371, 15, 'Chapultepec'),
(1373, 15, 'Chiautla'),
(1375, 15, 'Chicoloapan'),
(1377, 15, 'Chiconcuac'),
(1379, 15, 'Chimalhuacán'),
(1381, 15, 'Donato Guerra'),
(1383, 15, 'Ecatepec de Morelos'),
(1385, 15, 'Ecatzingo'),
(1387, 15, 'Huehuetoca'),
(1389, 15, 'Hueypoxtla'),
(1391, 15, 'Huixquilucan'),
(1393, 15, 'Isidro Fabela'),
(1395, 15, 'Ixtapaluca'),
(1397, 15, 'Ixtapan de la Sal'),
(1399, 15, 'Ixtapan del Oro'),
(1401, 15, 'Ixtlahuaca'),
(1403, 15, 'Xalatlaco'),
(1405, 15, 'Jaltenco'),
(1407, 15, 'Jilotepec'),
(1409, 15, 'Jilotzingo'),
(1411, 15, 'Jiquipilco'),
(1413, 15, 'Jocotitlán'),
(1415, 15, 'Joquicingo'),
(1417, 15, 'Juchitepec'),
(1419, 15, 'Lerma'),
(1421, 15, 'Malinalco'),
(1423, 15, 'Melchor Ocampo'),
(1427, 15, 'Mexicaltzingo'),
(1431, 15, 'Naucalpan de Juárez'),
(1433, 15, 'Nezahualcóyotl'),
(1435, 15, 'Nextlalpan'),
(1437, 15, 'Nicolás Romero'),
(1439, 15, 'Nopaltepec'),
(1441, 15, 'Ocoyoacac'),
(1443, 15, 'Ocuilan'),
(1447, 15, 'Otumba'),
(1449, 15, 'Otzoloapan'),
(1451, 15, 'Otzolotepec'),
(1453, 15, 'Ozumba'),
(1455, 15, 'Papalotla'),
(1459, 15, 'Polotitlán'),
(1463, 15, 'San Antonio la Isla'),
(1465, 15, 'San Felipe del Progreso'),
(1467, 15, 'San Martín de las Pirámides'),
(1469, 15, 'San Mateo Atenco'),
(1471, 15, 'San Simón de Guerrero'),
(1473, 15, 'Santo Tomás'),
(1475, 15, 'Soyaniquilpan de Juárez'),
(1477, 15, 'Sultepec'),
(1479, 15, 'Tecámac'),
(1481, 15, 'Tejupilco'),
(1483, 15, 'Temamatla'),
(1485, 15, 'Temascalapa'),
(1487, 15, 'Temascalcingo'),
(1489, 15, 'Temascaltepec'),
(1491, 15, 'Temoaya'),
(1493, 15, 'Tenancingo'),
(1495, 15, 'Tenango del Aire'),
(1497, 15, 'Tenango del Valle'),
(1499, 15, 'Teoloyucan'),
(1501, 15, 'Teotihuacán'),
(1503, 15, 'Tepetlaoxtoc'),
(1505, 15, 'Tepetlixpa'),
(1507, 15, 'Tepotzotlán'),
(1509, 15, 'Tequixquiac'),
(1511, 15, 'Texcaltitlán'),
(1513, 15, 'Texcalyacac'),
(1515, 15, 'Texcoco'),
(1517, 15, 'Tezoyuca'),
(1519, 15, 'Tianguistenco'),
(1521, 15, 'Timilpan'),
(1523, 15, 'Tlalmanalco'),
(1525, 15, 'Tlalnepantla de Baz'),
(1527, 15, 'Tlatlaya'),
(1529, 15, 'Toluca'),
(1531, 15, 'Tonatico'),
(1533, 15, 'Tultepec'),
(1535, 15, 'Tultitlán'),
(1537, 15, 'Valle de Bravo'),
(1539, 15, 'Villa de Allende'),
(1541, 15, 'Villa del Carbón'),
(1545, 15, 'Villa Victoria'),
(1547, 15, 'Xonacatlán'),
(1549, 15, 'Zacazonapan'),
(1551, 15, 'Zacualpan'),
(1553, 15, 'Zinacantepec'),
(1555, 15, 'Zumpahuacán'),
(1557, 15, 'Zumpango'),
(1559, 15, 'Cuautitlán Izcalli'),
(1561, 15, 'Valle de Chalco Solidaridad'),
(1563, 15, 'Luvianos'),
(1565, 15, 'San José del Rincón'),
(1567, 15, 'Tonanitla'),
(1569, 16, 'Acuitzio'),
(1571, 16, 'Aguililla'),
(1575, 16, 'Angamacutiro'),
(1577, 16, 'Angangueo'),
(1579, 16, 'Apatzingán'),
(1581, 16, 'Aporo'),
(1583, 16, 'Aquila'),
(1585, 16, 'Ario'),
(1589, 16, 'Briseñas'),
(1591, 16, 'Buenavista'),
(1593, 16, 'Carácuaro'),
(1595, 16, 'Coahuayana'),
(1597, 16, 'Coalcomán de Vázquez Pallares'),
(1599, 16, 'Coeneo'),
(1601, 16, 'Contepec'),
(1603, 16, 'Copándaro'),
(1605, 16, 'Cotija'),
(1607, 16, 'Cuitzeo'),
(1609, 16, 'Charapan'),
(1611, 16, 'Charo'),
(1613, 16, 'Chavinda'),
(1615, 16, 'Cherán'),
(1617, 16, 'Chilchota'),
(1619, 16, 'Chinicuila'),
(1621, 16, 'Chucándiro'),
(1623, 16, 'Churintzio'),
(1625, 16, 'Churumuco'),
(1627, 16, 'Ecuandureo'),
(1629, 16, 'Epitacio Huerta'),
(1631, 16, 'Erongarícuaro'),
(1633, 16, 'Gabriel Zamora'),
(1637, 16, 'La Huacana'),
(1639, 16, 'Huandacareo'),
(1641, 16, 'Huaniqueo'),
(1643, 16, 'Huetamo'),
(1645, 16, 'Huiramba'),
(1647, 16, 'Indaparapeo'),
(1649, 16, 'Irimbo'),
(1651, 16, 'Ixtlán'),
(1653, 16, 'Jacona'),
(1657, 16, 'Jiquilpan'),
(1661, 16, 'Jungapeo'),
(1663, 16, 'Lagunillas'),
(1665, 16, 'Madero'),
(1667, 16, 'Maravatío'),
(1669, 16, 'Marcos Castellanos'),
(1671, 16, 'Lázaro Cárdenas'),
(1673, 16, 'Morelia'),
(1677, 16, 'Múgica'),
(1679, 16, 'Nahuatzen'),
(1681, 16, 'Nocupétaro'),
(1683, 16, 'Nuevo Parangaricutiro'),
(1685, 16, 'Nuevo Urecho'),
(1687, 16, 'Numarán'),
(1691, 16, 'Pajacuarán'),
(1693, 16, 'Panindícuaro'),
(1695, 16, 'Parácuaro'),
(1697, 16, 'Paracho'),
(1699, 16, 'Pátzcuaro'),
(1701, 16, 'Penjamillo'),
(1703, 16, 'Peribán'),
(1705, 16, 'La Piedad'),
(1707, 16, 'Purépero'),
(1709, 16, 'Puruándiro'),
(1711, 16, 'Queréndaro'),
(1713, 16, 'Quiroga'),
(1715, 16, 'Cojumatlán de Régules'),
(1717, 16, 'Los Reyes'),
(1719, 16, 'Sahuayo'),
(1723, 16, 'Santa Ana Maya'),
(1725, 16, 'Salvador Escalante'),
(1727, 16, 'Senguio'),
(1729, 16, 'Susupuato'),
(1731, 16, 'Tacámbaro'),
(1733, 16, 'Tancítaro'),
(1735, 16, 'Tangamandapio'),
(1737, 16, 'Tangancícuaro'),
(1739, 16, 'Tanhuato'),
(1741, 16, 'Taretan'),
(1743, 16, 'Tarímbaro'),
(1745, 16, 'Tepalcatepec'),
(1747, 16, 'Tingambato'),
(1749, 16, 'Tingüindín'),
(1751, 16, 'Tiquicheo de Nicolás Romero'),
(1753, 16, 'Tlalpujahua'),
(1755, 16, 'Tlazazalca'),
(1757, 16, 'Tocumbo'),
(1759, 16, 'Tumbiscatío'),
(1761, 16, 'Turicato'),
(1765, 16, 'Tuzantla'),
(1767, 16, 'Tzintzuntzan'),
(1769, 16, 'Tzitzio'),
(1771, 16, 'Uruapan'),
(1775, 16, 'Villamar'),
(1777, 16, 'Vista Hermosa'),
(1779, 16, 'Yurécuaro'),
(1781, 16, 'Zacapu'),
(1783, 16, 'Zamora'),
(1785, 16, 'Zináparo'),
(1787, 16, 'Zinapécuaro'),
(1789, 16, 'Ziracuaretiro'),
(1791, 16, 'Zitácuaro'),
(1793, 16, 'José Sixto Verduzco'),
(1795, 17, 'Amacuzac'),
(1797, 17, 'Atlatlahucan'),
(1799, 17, 'Axochiapan'),
(1801, 17, 'Ayala'),
(1803, 17, 'Coatlán del Río'),
(1807, 17, 'Cuernavaca'),
(1811, 17, 'Huitzilac'),
(1813, 17, 'Jantetelco'),
(1815, 17, 'Jiutepec'),
(1817, 17, 'Jojutla'),
(1819, 17, 'Jonacatepec'),
(1821, 17, 'Mazatepec'),
(1823, 17, 'Miacatlán'),
(1825, 17, 'Ocuituco'),
(1827, 17, 'Puente de Ixtla'),
(1829, 17, 'Temixco'),
(1831, 17, 'Tepalcingo'),
(1833, 17, 'Tepoztlán'),
(1835, 17, 'Tetecala'),
(1837, 17, 'Tetela del Volcán'),
(1839, 17, 'Tlalnepantla'),
(1841, 17, 'Tlaltizapán de Zapata'),
(1843, 17, 'Tlaquiltenango'),
(1845, 17, 'Tlayacapan'),
(1847, 17, 'Totolapan'),
(1849, 17, 'Xochitepec'),
(1851, 17, 'Yautepec'),
(1853, 17, 'Yecapixtla'),
(1855, 17, 'Zacatepec'),
(1857, 17, 'Zacualpan de Amilpas'),
(1859, 17, 'Temoac'),
(1861, 18, 'Acaponeta'),
(1863, 18, 'Ahuacatlán'),
(1865, 18, 'Amatlán de Cañas'),
(1867, 18, 'Compostela'),
(1869, 18, 'Huajicori'),
(1871, 18, 'Ixtlán del Río'),
(1873, 18, 'Jala'),
(1875, 18, 'Xalisco'),
(1877, 18, 'Del Nayar'),
(1879, 18, 'Rosamorada'),
(1881, 18, 'Ruíz'),
(1883, 18, 'San Blas'),
(1885, 18, 'San Pedro Lagunillas'),
(1889, 18, 'Santiago Ixcuintla'),
(1891, 18, 'Tecuala'),
(1893, 18, 'Tepic'),
(1897, 18, 'La Yesca'),
(1899, 18, 'Bahía de Banderas'),
(1903, 19, 'Agualeguas'),
(1905, 19, 'Los Aldamas'),
(1909, 19, 'Anáhuac'),
(1911, 19, 'Apodaca'),
(1913, 19, 'Aramberri'),
(1915, 19, 'Bustamante'),
(1917, 19, 'Cadereyta Jiménez'),
(1919, 19, 'El Carmen'),
(1921, 19, 'Cerralvo'),
(1923, 19, 'Ciénega de Flores'),
(1925, 19, 'China'),
(1927, 19, 'Doctor Arroyo'),
(1929, 19, 'Doctor Coss'),
(1931, 19, 'Doctor González'),
(1935, 19, 'García'),
(1937, 19, 'San Pedro Garza García'),
(1939, 19, 'General Bravo'),
(1941, 19, 'General Escobedo'),
(1943, 19, 'General Terán'),
(1945, 19, 'General Treviño'),
(1947, 19, 'General Zaragoza'),
(1949, 19, 'General Zuazua'),
(1953, 19, 'Los Herreras'),
(1955, 19, 'Higueras'),
(1957, 19, 'Hualahuises'),
(1959, 19, 'Iturbide'),
(1963, 19, 'Lampazos de Naranjo'),
(1965, 19, 'Linares'),
(1967, 19, 'Marín'),
(1971, 19, 'Mier y Noriega'),
(1973, 19, 'Mina'),
(1975, 19, 'Montemorelos'),
(1977, 19, 'Monterrey'),
(1979, 19, 'Parás'),
(1981, 19, 'Pesquería'),
(1983, 19, 'Los Ramones'),
(1985, 19, 'Rayones'),
(1987, 19, 'Sabinas Hidalgo'),
(1989, 19, 'Salinas Victoria'),
(1991, 19, 'San Nicolás de los Garza'),
(1997, 19, 'Santiago'),
(1999, 19, 'Vallecillo'),
(2001, 19, 'Villaldama'),
(2003, 20, 'Abejones'),
(2005, 20, 'Acatlán de Pérez Figueroa'),
(2007, 20, 'Asunción Cacalotepec'),
(2009, 20, 'Asunción Cuyotepeji'),
(2011, 20, 'Asunción Ixtaltepec'),
(2013, 20, 'Asunción Nochixtlán'),
(2015, 20, 'Asunción Ocotlán'),
(2017, 20, 'Asunción Tlacolulita'),
(2019, 20, 'Ayotzintepec'),
(2021, 20, 'El Barrio de la Soledad'),
(2023, 20, 'Calihualá'),
(2025, 20, 'Candelaria Loxicha'),
(2027, 20, 'Ciénega de Zimatlán'),
(2029, 20, 'Ciudad Ixtepec'),
(2031, 20, 'Coatecas Altas'),
(2033, 20, 'Coicoyán de las Flores'),
(2035, 20, 'La Compañía'),
(2037, 20, 'Concepción Buenavista'),
(2039, 20, 'Concepción Pápalo'),
(2041, 20, 'Constancia del Rosario'),
(2043, 20, 'Cosolapa'),
(2045, 20, 'Cosoltepec'),
(2047, 20, 'Cuilápam de Guerrero'),
(2049, 20, 'Cuyamecalco Villa de Zaragoza'),
(2051, 20, 'Chahuites'),
(2053, 20, 'Chalcatongo de Hidalgo'),
(2055, 20, 'Chiquihuitlán de Benito Juárez'),
(2057, 20, 'Heroica Ciudad de Ejutla de Crespo'),
(2059, 20, 'Eloxochitlán de Flores Magón'),
(2061, 20, 'El Espinal'),
(2063, 20, 'Tamazulápam del Espíritu Santo'),
(2065, 20, 'Fresnillo de Trujano'),
(2067, 20, 'Guadalupe Etla'),
(2069, 20, 'Guadalupe de Ramírez'),
(2071, 20, 'Guelatao de Juárez'),
(2073, 20, 'Guevea de Humboldt'),
(2075, 20, 'Mesones Hidalgo'),
(2079, 20, 'Heroica Ciudad de Huajuapan de León'),
(2081, 20, 'Huautepec'),
(2083, 20, 'Huautla de Jiménez'),
(2085, 20, 'Ixtlán de Juárez'),
(2087, 20, 'Heroica Ciudad de Juchitán de Zaragoza'),
(2089, 20, 'Loma Bonita'),
(2091, 20, 'Magdalena Apasco'),
(2093, 20, 'Magdalena Jaltepec'),
(2095, 20, 'Santa Magdalena Jicotlán'),
(2097, 20, 'Magdalena Mixtepec'),
(2099, 20, 'Magdalena Ocotlán'),
(2101, 20, 'Magdalena Peñasco'),
(2103, 20, 'Magdalena Teitipac'),
(2105, 20, 'Magdalena Tequisistlán'),
(2107, 20, 'Magdalena Tlacotepec'),
(2109, 20, 'Magdalena Zahuatlán'),
(2111, 20, 'Mariscala de Juárez'),
(2113, 20, 'Mártires de Tacubaya'),
(2115, 20, 'Matías Romero Avendaño'),
(2117, 20, 'Mazatlán Villa de Flores'),
(2119, 20, 'Miahuatlán de Porfirio Díaz'),
(2121, 20, 'Mixistlán de la Reforma'),
(2123, 20, 'Monjas'),
(2125, 20, 'Natividad'),
(2127, 20, 'Nazareno Etla'),
(2129, 20, 'Nejapa de Madero'),
(2131, 20, 'Ixpantepec Nieves'),
(2133, 20, 'Santiago Niltepec'),
(2135, 20, 'Oaxaca de Juárez'),
(2137, 20, 'Ocotlán de Morelos'),
(2139, 20, 'La Pe'),
(2141, 20, 'Pinotepa de Don Luis'),
(2143, 20, 'Pluma Hidalgo'),
(2145, 20, 'San José del Progreso'),
(2147, 20, 'Putla Villa de Guerrero'),
(2149, 20, 'Santa Catarina Quioquitani'),
(2151, 20, 'Reforma de Pineda'),
(2153, 20, 'La Reforma'),
(2155, 20, 'Reyes Etla'),
(2157, 20, 'Rojas de Cuauhtémoc'),
(2159, 20, 'Salina Cruz'),
(2161, 20, 'San Agustín Amatengo'),
(2163, 20, 'San Agustín Atenango'),
(2165, 20, 'San Agustín Chayuco'),
(2167, 20, 'San Agustín de las Juntas'),
(2169, 20, 'San Agustín Etla'),
(2171, 20, 'San Agustín Loxicha'),
(2173, 20, 'San Agustín Tlacotepec'),
(2175, 20, 'San Agustín Yatareni'),
(2177, 20, 'San Andrés Cabecera Nueva'),
(2179, 20, 'San Andrés Dinicuiti'),
(2181, 20, 'San Andrés Huaxpaltepec'),
(2183, 20, 'San Andrés Huayápam'),
(2185, 20, 'San Andrés Ixtlahuaca'),
(2187, 20, 'San Andrés Lagunas'),
(2189, 20, 'San Andrés Nuxiño'),
(2191, 20, 'San Andrés Paxtlán'),
(2193, 20, 'San Andrés Sinaxtla'),
(2195, 20, 'San Andrés Solaga'),
(2197, 20, 'San Andrés Teotilálpam'),
(2199, 20, 'San Andrés Tepetlapa'),
(2201, 20, 'San Andrés Yaá'),
(2203, 20, 'San Andrés Zabache'),
(2205, 20, 'San Andrés Zautla'),
(2207, 20, 'San Antonino Castillo Velasco'),
(2209, 20, 'San Antonino el Alto'),
(2211, 20, 'San Antonino Monte Verde'),
(2213, 20, 'San Antonio Acutla'),
(2215, 20, 'San Antonio de la Cal'),
(2217, 20, 'San Antonio Huitepec'),
(2219, 20, 'San Antonio Nanahuatípam'),
(2221, 20, 'San Antonio Sinicahua'),
(2223, 20, 'San Antonio Tepetlapa'),
(2225, 20, 'San Baltazar Chichicápam'),
(2227, 20, 'San Baltazar Loxicha'),
(2229, 20, 'San Baltazar Yatzachi el Bajo'),
(2231, 20, 'San Bartolo Coyotepec'),
(2233, 20, 'San Bartolomé Ayautla'),
(2235, 20, 'San Bartolomé Loxicha'),
(2237, 20, 'San Bartolomé Quialana'),
(2239, 20, 'San Bartolomé Yucuañe'),
(2241, 20, 'San Bartolomé Zoogocho'),
(2243, 20, 'San Bartolo Soyaltepec'),
(2245, 20, 'San Bartolo Yautepec'),
(2247, 20, 'San Bernardo Mixtepec'),
(2249, 20, 'San Blas Atempa'),
(2251, 20, 'San Carlos Yautepec'),
(2253, 20, 'San Cristóbal Amatlán'),
(2255, 20, 'San Cristóbal Amoltepec'),
(2257, 20, 'San Cristóbal Lachirioag'),
(2259, 20, 'San Cristóbal Suchixtlahuaca'),
(2261, 20, 'San Dionisio del Mar'),
(2263, 20, 'San Dionisio Ocotepec'),
(2265, 20, 'San Dionisio Ocotlán'),
(2267, 20, 'San Esteban Atatlahuca'),
(2269, 20, 'San Felipe Jalapa de Díaz'),
(2271, 20, 'San Felipe Tejalápam'),
(2273, 20, 'San Felipe Usila'),
(2275, 20, 'San Francisco Cahuacuá'),
(2277, 20, 'San Francisco Cajonos'),
(2279, 20, 'San Francisco Chapulapa'),
(2281, 20, 'San Francisco Chindúa'),
(2283, 20, 'San Francisco del Mar'),
(2285, 20, 'San Francisco Huehuetlán'),
(2287, 20, 'San Francisco Ixhuatán'),
(2289, 20, 'San Francisco Jaltepetongo'),
(2291, 20, 'San Francisco Lachigoló'),
(2293, 20, 'San Francisco Logueche'),
(2295, 20, 'San Francisco Nuxaño'),
(2297, 20, 'San Francisco Ozolotepec'),
(2299, 20, 'San Francisco Sola'),
(2301, 20, 'San Francisco Telixtlahuaca'),
(2303, 20, 'San Francisco Teopan'),
(2305, 20, 'San Francisco Tlapancingo'),
(2307, 20, 'San Gabriel Mixtepec'),
(2309, 20, 'San Ildefonso Amatlán'),
(2311, 20, 'San Ildefonso Sola'),
(2313, 20, 'San Ildefonso Villa Alta'),
(2315, 20, 'San Jacinto Amilpas'),
(2317, 20, 'San Jacinto Tlacotepec'),
(2319, 20, 'San Jerónimo Coatlán'),
(2321, 20, 'San Jerónimo Silacayoapilla'),
(2323, 20, 'San Jerónimo Sosola'),
(2325, 20, 'San Jerónimo Taviche'),
(2327, 20, 'San Jerónimo Tecóatl'),
(2329, 20, 'San Jorge Nuchita'),
(2331, 20, 'San José Ayuquila'),
(2333, 20, 'San José Chiltepec'),
(2335, 20, 'San José del Peñasco'),
(2337, 20, 'San José Estancia Grande'),
(2339, 20, 'San José Independencia'),
(2341, 20, 'San José Lachiguiri'),
(2343, 20, 'San José Tenango'),
(2345, 20, 'San Juan Achiutla'),
(2347, 20, 'San Juan Atepec'),
(2349, 20, 'Ánimas Trujano'),
(2351, 20, 'San Juan Bautista Atatlahuca'),
(2353, 20, 'San Juan Bautista Coixtlahuaca'),
(2355, 20, 'San Juan Bautista Cuicatlán'),
(2357, 20, 'San Juan Bautista Guelache'),
(2359, 20, 'San Juan Bautista Jayacatlán'),
(2361, 20, 'San Juan Bautista Lo de Soto'),
(2363, 20, 'San Juan Bautista Suchitepec'),
(2365, 20, 'San Juan Bautista Tlacoatzintepec'),
(2367, 20, 'San Juan Bautista Tlachichilco'),
(2369, 20, 'San Juan Bautista Tuxtepec'),
(2371, 20, 'San Juan Cacahuatepec'),
(2373, 20, 'San Juan Cieneguilla'),
(2375, 20, 'San Juan Coatzóspam'),
(2377, 20, 'San Juan Colorado'),
(2379, 20, 'San Juan Comaltepec'),
(2381, 20, 'San Juan Cotzocón'),
(2383, 20, 'San Juan Chicomezúchil'),
(2385, 20, 'San Juan Chilateca'),
(2387, 20, 'San Juan del Estado'),
(2391, 20, 'San Juan Diuxi'),
(2393, 20, 'San Juan Evangelista Analco'),
(2395, 20, 'San Juan Guelavía'),
(2397, 20, 'San Juan Guichicovi'),
(2399, 20, 'San Juan Ihualtepec'),
(2401, 20, 'San Juan Juquila Mixes'),
(2403, 20, 'San Juan Juquila Vijanos'),
(2405, 20, 'San Juan Lachao'),
(2407, 20, 'San Juan Lachigalla'),
(2409, 20, 'San Juan Lajarcia'),
(2411, 20, 'San Juan Lalana'),
(2413, 20, 'San Juan de los Cués'),
(2415, 20, 'San Juan Mazatlán'),
(2417, 20, 'San Juan Mixtepec'),
(2421, 20, 'San Juan Ñumí'),
(2423, 20, 'San Juan Ozolotepec'),
(2425, 20, 'San Juan Petlapa'),
(2427, 20, 'San Juan Quiahije'),
(2429, 20, 'San Juan Quiotepec'),
(2431, 20, 'San Juan Sayultepec'),
(2433, 20, 'San Juan Tabaá'),
(2435, 20, 'San Juan Tamazola'),
(2437, 20, 'San Juan Teita'),
(2439, 20, 'San Juan Teitipac'),
(2441, 20, 'San Juan Tepeuxila'),
(2443, 20, 'San Juan Teposcolula'),
(2445, 20, 'San Juan Yaeé'),
(2447, 20, 'San Juan Yatzona'),
(2449, 20, 'San Juan Yucuita'),
(2451, 20, 'San Lorenzo'),
(2453, 20, 'San Lorenzo Albarradas'),
(2455, 20, 'San Lorenzo Cacaotepec'),
(2457, 20, 'San Lorenzo Cuaunecuiltitla'),
(2459, 20, 'San Lorenzo Texmelúcan'),
(2461, 20, 'San Lorenzo Victoria'),
(2463, 20, 'San Lucas Camotlán'),
(2465, 20, 'San Lucas Ojitlán'),
(2467, 20, 'San Lucas Quiaviní'),
(2469, 20, 'San Lucas Zoquiápam'),
(2471, 20, 'San Luis Amatlán'),
(2473, 20, 'San Marcial Ozolotepec'),
(2475, 20, 'San Marcos Arteaga'),
(2477, 20, 'San Martín de los Cansecos'),
(2479, 20, 'San Martín Huamelúlpam'),
(2481, 20, 'San Martín Itunyoso'),
(2483, 20, 'San Martín Lachilá'),
(2485, 20, 'San Martín Peras'),
(2487, 20, 'San Martín Tilcajete'),
(2489, 20, 'San Martín Toxpalan'),
(2491, 20, 'San Martín Zacatepec'),
(2493, 20, 'San Mateo Cajonos'),
(2495, 20, 'Capulálpam de Méndez'),
(2497, 20, 'San Mateo del Mar'),
(2499, 20, 'San Mateo Yoloxochitlán'),
(2501, 20, 'San Mateo Etlatongo'),
(2503, 20, 'San Mateo Nejápam'),
(2505, 20, 'San Mateo Peñasco'),
(2507, 20, 'San Mateo Piñas'),
(2509, 20, 'San Mateo Río Hondo'),
(2511, 20, 'San Mateo Sindihui'),
(2513, 20, 'San Mateo Tlapiltepec'),
(2515, 20, 'San Melchor Betaza'),
(2517, 20, 'San Miguel Achiutla'),
(2519, 20, 'San Miguel Ahuehuetitlán'),
(2521, 20, 'San Miguel Aloápam'),
(2523, 20, 'San Miguel Amatitlán'),
(2525, 20, 'San Miguel Amatlán'),
(2527, 20, 'San Miguel Coatlán'),
(2529, 20, 'San Miguel Chicahua'),
(2531, 20, 'San Miguel Chimalapa'),
(2533, 20, 'San Miguel del Puerto'),
(2535, 20, 'San Miguel del Río'),
(2537, 20, 'San Miguel Ejutla'),
(2539, 20, 'San Miguel el Grande'),
(2541, 20, 'San Miguel Huautla'),
(2543, 20, 'San Miguel Mixtepec'),
(2545, 20, 'San Miguel Panixtlahuaca'),
(2547, 20, 'San Miguel Peras'),
(2549, 20, 'San Miguel Piedras'),
(2551, 20, 'San Miguel Quetzaltepec'),
(2553, 20, 'San Miguel Santa Flor'),
(2555, 20, 'Villa Sola de Vega'),
(2557, 20, 'San Miguel Soyaltepec'),
(2559, 20, 'San Miguel Suchixtepec'),
(2561, 20, 'Villa Talea de Castro'),
(2563, 20, 'San Miguel Tecomatlán'),
(2565, 20, 'San Miguel Tenango'),
(2567, 20, 'San Miguel Tequixtepec'),
(2569, 20, 'San Miguel Tilquiápam'),
(2571, 20, 'San Miguel Tlacamama'),
(2573, 20, 'San Miguel Tlacotepec'),
(2575, 20, 'San Miguel Tulancingo'),
(2577, 20, 'San Miguel Yotao'),
(2579, 20, 'San Nicolás'),
(2581, 20, 'San Nicolás Hidalgo'),
(2583, 20, 'San Pablo Coatlán'),
(2585, 20, 'San Pablo Cuatro Venados'),
(2587, 20, 'San Pablo Etla'),
(2589, 20, 'San Pablo Huitzo'),
(2591, 20, 'San Pablo Huixtepec'),
(2593, 20, 'San Pablo Macuiltianguis'),
(2595, 20, 'San Pablo Tijaltepec'),
(2597, 20, 'San Pablo Villa de Mitla'),
(2599, 20, 'San Pablo Yaganiza'),
(2601, 20, 'San Pedro Amuzgos'),
(2603, 20, 'San Pedro Apóstol'),
(2605, 20, 'San Pedro Atoyac'),
(2607, 20, 'San Pedro Cajonos'),
(2609, 20, 'San Pedro Coxcaltepec Cántaros'),
(2611, 20, 'San Pedro Comitancillo'),
(2613, 20, 'San Pedro el Alto'),
(2615, 20, 'San Pedro Huamelula'),
(2617, 20, 'San Pedro Huilotepec'),
(2619, 20, 'San Pedro Ixcatlán'),
(2621, 20, 'San Pedro Ixtlahuaca'),
(2623, 20, 'San Pedro Jaltepetongo'),
(2625, 20, 'San Pedro Jicayán'),
(2627, 20, 'San Pedro Jocotipac'),
(2629, 20, 'San Pedro Juchatengo'),
(2631, 20, 'San Pedro Mártir'),
(2633, 20, 'San Pedro Mártir Quiechapa'),
(2635, 20, 'San Pedro Mártir Yucuxaco'),
(2637, 20, 'San Pedro Mixtepec'),
(2641, 20, 'San Pedro Molinos'),
(2643, 20, 'San Pedro Nopala'),
(2645, 20, 'San Pedro Ocopetatillo'),
(2647, 20, 'San Pedro Ocotepec'),
(2649, 20, 'San Pedro Pochutla'),
(2651, 20, 'San Pedro Quiatoni'),
(2653, 20, 'San Pedro Sochiápam'),
(2655, 20, 'San Pedro Tapanatepec'),
(2657, 20, 'San Pedro Taviche'),
(2659, 20, 'San Pedro Teozacoalco'),
(2661, 20, 'San Pedro Teutila'),
(2663, 20, 'San Pedro Tidaá'),
(2665, 20, 'San Pedro Topiltepec'),
(2667, 20, 'San Pedro Totolápam'),
(2669, 20, 'Villa de Tututepec de Melchor Ocampo'),
(2671, 20, 'San Pedro Yaneri'),
(2673, 20, 'San Pedro Yólox'),
(2675, 20, 'San Pedro y San Pablo Ayutla'),
(2677, 20, 'Villa de Etla'),
(2679, 20, 'San Pedro y San Pablo Teposcolula'),
(2681, 20, 'San Pedro y San Pablo Tequixtepec'),
(2683, 20, 'San Pedro Yucunama'),
(2685, 20, 'San Raymundo Jalpan'),
(2687, 20, 'San Sebastián Abasolo'),
(2689, 20, 'San Sebastián Coatlán'),
(2691, 20, 'San Sebastián Ixcapa'),
(2693, 20, 'San Sebastián Nicananduta'),
(2695, 20, 'San Sebastián Río Hondo'),
(2697, 20, 'San Sebastián Tecomaxtlahuaca'),
(2699, 20, 'San Sebastián Teitipac'),
(2701, 20, 'San Sebastián Tutla'),
(2703, 20, 'San Simón Almolongas'),
(2705, 20, 'San Simón Zahuatlán'),
(2707, 20, 'Santa Ana'),
(2709, 20, 'Santa Ana Ateixtlahuaca'),
(2711, 20, 'Santa Ana Cuauhtémoc'),
(2713, 20, 'Santa Ana del Valle'),
(2715, 20, 'Santa Ana Tavela'),
(2717, 20, 'Santa Ana Tlapacoyan'),
(2719, 20, 'Santa Ana Yareni'),
(2721, 20, 'Santa Ana Zegache'),
(2723, 20, 'Santa Catalina Quierí'),
(2725, 20, 'Santa Catarina Cuixtla'),
(2727, 20, 'Santa Catarina Ixtepeji'),
(2729, 20, 'Santa Catarina Juquila'),
(2731, 20, 'Santa Catarina Lachatao'),
(2733, 20, 'Santa Catarina Loxicha'),
(2735, 20, 'Santa Catarina Mechoacán'),
(2737, 20, 'Santa Catarina Minas'),
(2739, 20, 'Santa Catarina Quiané'),
(2741, 20, 'Santa Catarina Tayata'),
(2743, 20, 'Santa Catarina Ticuá'),
(2745, 20, 'Santa Catarina Yosonotú'),
(2747, 20, 'Santa Catarina Zapoquila'),
(2749, 20, 'Santa Cruz Acatepec'),
(2751, 20, 'Santa Cruz Amilpas'),
(2753, 20, 'Santa Cruz de Bravo'),
(2755, 20, 'Santa Cruz Itundujia'),
(2757, 20, 'Santa Cruz Mixtepec'),
(2759, 20, 'Santa Cruz Nundaco'),
(2761, 20, 'Santa Cruz Papalutla'),
(2763, 20, 'Santa Cruz Tacache de Mina'),
(2765, 20, 'Santa Cruz Tacahua'),
(2767, 20, 'Santa Cruz Tayata'),
(2769, 20, 'Santa Cruz Xitla'),
(2771, 20, 'Santa Cruz Xoxocotlán'),
(2773, 20, 'Santa Cruz Zenzontepec'),
(2775, 20, 'Santa Gertrudis'),
(2777, 20, 'Santa Inés del Monte'),
(2779, 20, 'Santa Inés Yatzeche'),
(2781, 20, 'Santa Lucía del Camino'),
(2783, 20, 'Santa Lucía Miahuatlán'),
(2785, 20, 'Santa Lucía Monteverde'),
(2787, 20, 'Santa Lucía Ocotlán'),
(2789, 20, 'Santa María Alotepec'),
(2791, 20, 'Santa María Apazco'),
(2793, 20, 'Santa María la Asunción'),
(2795, 20, 'Heroica Ciudad de Tlaxiaco'),
(2797, 20, 'Ayoquezco de Aldama'),
(2799, 20, 'Santa María Atzompa'),
(2801, 20, 'Santa María Camotlán'),
(2803, 20, 'Santa María Colotepec'),
(2805, 20, 'Santa María Cortijo'),
(2807, 20, 'Santa María Coyotepec'),
(2809, 20, 'Santa María Chachoápam'),
(2811, 20, 'Villa de Chilapa de Díaz'),
(2813, 20, 'Santa María Chilchotla'),
(2815, 20, 'Santa María Chimalapa'),
(2817, 20, 'Santa María del Rosario'),
(2819, 20, 'Santa María del Tule'),
(2821, 20, 'Santa María Ecatepec'),
(2823, 20, 'Santa María Guelacé'),
(2825, 20, 'Santa María Guienagati'),
(2827, 20, 'Santa María Huatulco'),
(2829, 20, 'Santa María Huazolotitlán'),
(2831, 20, 'Santa María Ipalapa'),
(2833, 20, 'Santa María Ixcatlán'),
(2835, 20, 'Santa María Jacatepec'),
(2837, 20, 'Santa María Jalapa del Marqués'),
(2839, 20, 'Santa María Jaltianguis'),
(2841, 20, 'Santa María Lachixío'),
(2843, 20, 'Santa María Mixtequilla'),
(2845, 20, 'Santa María Nativitas'),
(2847, 20, 'Santa María Nduayaco'),
(2849, 20, 'Santa María Ozolotepec'),
(2851, 20, 'Santa María Pápalo'),
(2853, 20, 'Santa María Peñoles'),
(2855, 20, 'Santa María Petapa'),
(2857, 20, 'Santa María Quiegolani'),
(2859, 20, 'Santa María Sola'),
(2861, 20, 'Santa María Tataltepec'),
(2863, 20, 'Santa María Tecomavaca'),
(2865, 20, 'Santa María Temaxcalapa'),
(2867, 20, 'Santa María Temaxcaltepec'),
(2869, 20, 'Santa María Teopoxco'),
(2871, 20, 'Santa María Tepantlali'),
(2873, 20, 'Santa María Texcatitlán'),
(2875, 20, 'Santa María Tlahuitoltepec'),
(2877, 20, 'Santa María Tlalixtac'),
(2879, 20, 'Santa María Tonameca'),
(2881, 20, 'Santa María Totolapilla'),
(2883, 20, 'Santa María Xadani'),
(2885, 20, 'Santa María Yalina'),
(2887, 20, 'Santa María Yavesía'),
(2889, 20, 'Santa María Yolotepec'),
(2891, 20, 'Santa María Yosoyúa'),
(2893, 20, 'Santa María Yucuhiti'),
(2895, 20, 'Santa María Zacatepec'),
(2897, 20, 'Santa María Zaniza'),
(2899, 20, 'Santa María Zoquitlán'),
(2901, 20, 'Santiago Amoltepec'),
(2903, 20, 'Santiago Apoala'),
(2905, 20, 'Santiago Apóstol'),
(2907, 20, 'Santiago Astata'),
(2909, 20, 'Santiago Atitlán'),
(2911, 20, 'Santiago Ayuquililla'),
(2913, 20, 'Santiago Cacaloxtepec'),
(2915, 20, 'Santiago Camotlán'),
(2917, 20, 'Santiago Comaltepec'),
(2919, 20, 'Santiago Chazumba'),
(2921, 20, 'Santiago Choápam'),
(2923, 20, 'Santiago del Río'),
(2925, 20, 'Santiago Huajolotitlán'),
(2927, 20, 'Santiago Huauclilla'),
(2929, 20, 'Santiago Ihuitlán Plumas'),
(2931, 20, 'Santiago Ixcuintepec'),
(2933, 20, 'Santiago Ixtayutla'),
(2935, 20, 'Santiago Jamiltepec'),
(2937, 20, 'Santiago Jocotepec'),
(2939, 20, 'Santiago Juxtlahuaca'),
(2941, 20, 'Santiago Lachiguiri'),
(2943, 20, 'Santiago Lalopa'),
(2945, 20, 'Santiago Laollaga'),
(2947, 20, 'Santiago Laxopa'),
(2949, 20, 'Santiago Llano Grande'),
(2951, 20, 'Santiago Matatlán'),
(2953, 20, 'Santiago Miltepec'),
(2955, 20, 'Santiago Minas'),
(2957, 20, 'Santiago Nacaltepec'),
(2959, 20, 'Santiago Nejapilla'),
(2961, 20, 'Santiago Nundiche'),
(2963, 20, 'Santiago Nuyoó'),
(2965, 20, 'Santiago Pinotepa Nacional'),
(2967, 20, 'Santiago Suchilquitongo'),
(2969, 20, 'Santiago Tamazola'),
(2971, 20, 'Santiago Tapextla'),
(2973, 20, 'Villa Tejúpam de la Unión'),
(2975, 20, 'Santiago Tenango'),
(2977, 20, 'Santiago Tepetlapa'),
(2979, 20, 'Santiago Tetepec'),
(2981, 20, 'Santiago Texcalcingo'),
(2983, 20, 'Santiago Textitlán'),
(2985, 20, 'Santiago Tilantongo'),
(2987, 20, 'Santiago Tillo'),
(2989, 20, 'Santiago Tlazoyaltepec'),
(2991, 20, 'Santiago Xanica'),
(2993, 20, 'Santiago Xiacuí'),
(2995, 20, 'Santiago Yaitepec'),
(2997, 20, 'Santiago Yaveo'),
(2999, 20, 'Santiago Yolomécatl'),
(3001, 20, 'Santiago Yosondúa'),
(3003, 20, 'Santiago Yucuyachi'),
(3005, 20, 'Santiago Zacatepec'),
(3007, 20, 'Santiago Zoochila'),
(3009, 20, 'Nuevo Zoquiápam'),
(3011, 20, 'Santo Domingo Ingenio'),
(3013, 20, 'Santo Domingo Albarradas'),
(3015, 20, 'Santo Domingo Armenta'),
(3017, 20, 'Santo Domingo Chihuitán'),
(3019, 20, 'Santo Domingo de Morelos'),
(3021, 20, 'Santo Domingo Ixcatlán'),
(3023, 20, 'Santo Domingo Nuxaá'),
(3025, 20, 'Santo Domingo Ozolotepec'),
(3027, 20, 'Santo Domingo Petapa'),
(3029, 20, 'Santo Domingo Roayaga'),
(3031, 20, 'Santo Domingo Tehuantepec'),
(3033, 20, 'Santo Domingo Teojomulco'),
(3035, 20, 'Santo Domingo Tepuxtepec'),
(3037, 20, 'Santo Domingo Tlatayápam'),
(3039, 20, 'Santo Domingo Tomaltepec'),
(3041, 20, 'Santo Domingo Tonalá'),
(3043, 20, 'Santo Domingo Tonaltepec'),
(3045, 20, 'Santo Domingo Xagacía'),
(3047, 20, 'Santo Domingo Yanhuitlán'),
(3049, 20, 'Santo Domingo Yodohino'),
(3051, 20, 'Santo Domingo Zanatepec'),
(3053, 20, 'Santos Reyes Nopala'),
(3055, 20, 'Santos Reyes Pápalo'),
(3057, 20, 'Santos Reyes Tepejillo'),
(3059, 20, 'Santos Reyes Yucuná'),
(3061, 20, 'Santo Tomás Jalieza'),
(3063, 20, 'Santo Tomás Mazaltepec'),
(3065, 20, 'Santo Tomás Ocotepec'),
(3067, 20, 'Santo Tomás Tamazulapan'),
(3069, 20, 'San Vicente Coatlán'),
(3071, 20, 'San Vicente Lachixío'),
(3073, 20, 'San Vicente Nuñú'),
(3075, 20, 'Silacayoápam'),
(3077, 20, 'Sitio de Xitlapehua'),
(3079, 20, 'Soledad Etla'),
(3081, 20, 'Villa de Tamazulápam del Progreso'),
(3083, 20, 'Tanetze de Zaragoza'),
(3085, 20, 'Taniche'),
(3087, 20, 'Tataltepec de Valdés'),
(3089, 20, 'Teococuilco de Marcos Pérez'),
(3091, 20, 'Teotitlán de Flores Magón'),
(3093, 20, 'Teotitlán del Valle'),
(3095, 20, 'Teotongo'),
(3097, 20, 'Tepelmeme Villa de Morelos'),
(3099, 20, 'Heroica Villa Tezoatlán de Segura y Luna, Cuna de la Independencia de Oaxaca'),
(3101, 20, 'San Jerónimo Tlacochahuaya'),
(3103, 20, 'Tlacolula de Matamoros'),
(3105, 20, 'Tlacotepec Plumas'),
(3107, 20, 'Tlalixtac de Cabrera'),
(3109, 20, 'Totontepec Villa de Morelos'),
(3111, 20, 'Trinidad Zaachila'),
(3113, 20, 'La Trinidad Vista Hermosa'),
(3115, 20, 'Unión Hidalgo'),
(3117, 20, 'Valerio Trujano'),
(3119, 20, 'San Juan Bautista Valle Nacional'),
(3121, 20, 'Villa Díaz Ordaz'),
(3123, 20, 'Yaxe'),
(3125, 20, 'Magdalena Yodocono de Porfirio Díaz'),
(3127, 20, 'Yogana'),
(3129, 20, 'Yutanduchi de Guerrero'),
(3131, 20, 'Villa de Zaachila'),
(3133, 20, 'San Mateo Yucutindoo'),
(3135, 20, 'Zapotitlán Lagunas'),
(3137, 20, 'Zapotitlán Palmas'),
(3139, 20, 'Santa Inés de Zaragoza'),
(3141, 20, 'Zimatlán de Álvarez'),
(3143, 21, 'Acajete'),
(3145, 21, 'Acateno'),
(3149, 21, 'Acatzingo'),
(3151, 21, 'Acteopan'),
(3155, 21, 'Ahuatlán'),
(3157, 21, 'Ahuazotepec'),
(3159, 21, 'Ahuehuetitla'),
(3161, 21, 'Ajalpan'),
(3163, 21, 'Albino Zertuche'),
(3165, 21, 'Aljojuca'),
(3167, 21, 'Altepexi'),
(3169, 21, 'Amixtlán'),
(3171, 21, 'Amozoc'),
(3173, 21, 'Aquixtla'),
(3175, 21, 'Atempan'),
(3177, 21, 'Atexcal'),
(3179, 21, 'Atlixco'),
(3181, 21, 'Atoyatempan'),
(3183, 21, 'Atzala'),
(3185, 21, 'Atzitzihuacán'),
(3187, 21, 'Atzitzintla'),
(3189, 21, 'Axutla'),
(3191, 21, 'Ayotoxco de Guerrero'),
(3193, 21, 'Calpan'),
(3195, 21, 'Caltepec'),
(3197, 21, 'Camocuautla'),
(3199, 21, 'Caxhuacan'),
(3201, 21, 'Coatepec'),
(3203, 21, 'Coatzingo'),
(3205, 21, 'Cohetzala'),
(3207, 21, 'Cohuecan'),
(3209, 21, 'Coronango'),
(3211, 21, 'Coxcatlán'),
(3213, 21, 'Coyomeapan'),
(3217, 21, 'Cuapiaxtla de Madero'),
(3219, 21, 'Cuautempan'),
(3221, 21, 'Cuautinchán'),
(3223, 21, 'Cuautlancingo'),
(3225, 21, 'Cuayuca de Andrade'),
(3227, 21, 'Cuetzalan del Progreso'),
(3229, 21, 'Cuyoaco'),
(3231, 21, 'Chalchicomula de Sesma'),
(3233, 21, 'Chapulco'),
(3237, 21, 'Chiautzingo'),
(3239, 21, 'Chiconcuautla'),
(3241, 21, 'Chichiquila'),
(3243, 21, 'Chietla'),
(3245, 21, 'Chigmecatitlán'),
(3247, 21, 'Chignahuapan'),
(3249, 21, 'Chignautla'),
(3251, 21, 'Chila'),
(3253, 21, 'Chila de la Sal'),
(3255, 21, 'Honey'),
(3257, 21, 'Chilchotla'),
(3259, 21, 'Chinantla'),
(3261, 21, 'Domingo Arenas'),
(3265, 21, 'Epatlán'),
(3267, 21, 'Esperanza'),
(3269, 21, 'Francisco Z. Mena'),
(3271, 21, 'General Felipe Ángeles'),
(3277, 21, 'Hermenegildo Galeana'),
(3279, 21, 'Huaquechula'),
(3281, 21, 'Huatlatlauca'),
(3283, 21, 'Huauchinango'),
(3287, 21, 'Huehuetlán el Chico'),
(3289, 21, 'Huejotzingo'),
(3291, 21, 'Hueyapan'),
(3293, 21, 'Hueytamalco'),
(3295, 21, 'Hueytlalpan'),
(3297, 21, 'Huitzilan de Serdán'),
(3299, 21, 'Huitziltepec'),
(3301, 21, 'Atlequizayan'),
(3303, 21, 'Ixcamilpa de Guerrero'),
(3305, 21, 'Ixcaquixtla'),
(3307, 21, 'Ixtacamaxtitlán'),
(3309, 21, 'Ixtepec'),
(3311, 21, 'Izúcar de Matamoros'),
(3313, 21, 'Jalpan'),
(3315, 21, 'Jolalpan'),
(3317, 21, 'Jonotla'),
(3319, 21, 'Jopala'),
(3321, 21, 'Juan C. Bonilla'),
(3323, 21, 'Juan Galindo'),
(3325, 21, 'Juan N. Méndez'),
(3327, 21, 'Lafragua'),
(3329, 21, 'Libres'),
(3331, 21, 'La Magdalena Tlatlauquitepec'),
(3333, 21, 'Mazapiltepec de Juárez'),
(3335, 21, 'Mixtla'),
(3337, 21, 'Molcaxac'),
(3339, 21, 'Cañada Morelos'),
(3341, 21, 'Naupan'),
(3343, 21, 'Nauzontla'),
(3345, 21, 'Nealtican'),
(3347, 21, 'Nicolás Bravo'),
(3349, 21, 'Nopalucan'),
(3353, 21, 'Ocoyucan'),
(3355, 21, 'Olintla'),
(3357, 21, 'Oriental'),
(3359, 21, 'Pahuatlán'),
(3361, 21, 'Palmar de Bravo'),
(3365, 21, 'Petlalcingo'),
(3367, 21, 'Piaxtla'),
(3369, 21, 'Puebla'),
(3371, 21, 'Quecholac'),
(3373, 21, 'Quimixtlán'),
(3375, 21, 'Rafael Lara Grajales'),
(3377, 21, 'Los Reyes de Juárez'),
(3379, 21, 'San Andrés Cholula'),
(3381, 21, 'San Antonio Cañada'),
(3383, 21, 'San Diego la Mesa Tochimiltzingo'),
(3385, 21, 'San Felipe Teotlalcingo'),
(3387, 21, 'San Felipe Tepatlán'),
(3389, 21, 'San Gabriel Chilac'),
(3391, 21, 'San Gregorio Atzompa'),
(3393, 21, 'San Jerónimo Tecuanipan'),
(3395, 21, 'San Jerónimo Xayacatlán'),
(3397, 21, 'San José Chiapa'),
(3399, 21, 'San José Miahuatlán'),
(3401, 21, 'San Juan Atenco'),
(3403, 21, 'San Juan Atzompa'),
(3405, 21, 'San Martín Texmelucan'),
(3407, 21, 'San Martín Totoltepec'),
(3409, 21, 'San Matías Tlalancaleca'),
(3411, 21, 'San Miguel Ixitlán'),
(3413, 21, 'San Miguel Xoxtla'),
(3415, 21, 'San Nicolás Buenos Aires'),
(3417, 21, 'San Nicolás de los Ranchos'),
(3419, 21, 'San Pablo Anicano'),
(3421, 21, 'San Pedro Cholula'),
(3423, 21, 'San Pedro Yeloixtlahuaca'),
(3425, 21, 'San Salvador el Seco'),
(3427, 21, 'San Salvador el Verde'),
(3429, 21, 'San Salvador Huixcolotla'),
(3431, 21, 'San Sebastián Tlacotepec'),
(3433, 21, 'Santa Catarina Tlaltempan'),
(3435, 21, 'Santa Inés Ahuatempan'),
(3437, 21, 'Santa Isabel Cholula'),
(3439, 21, 'Santiago Miahuatlán'),
(3441, 21, 'Huehuetlán el Grande'),
(3443, 21, 'Santo Tomás Hueyotlipan'),
(3445, 21, 'Soltepec'),
(3447, 21, 'Tecali de Herrera'),
(3449, 21, 'Tecamachalco'),
(3451, 21, 'Tecomatlán'),
(3453, 21, 'Tehuacán'),
(3455, 21, 'Tehuitzingo'),
(3457, 21, 'Tenampulco'),
(3459, 21, 'Teopantlán'),
(3461, 21, 'Teotlalco'),
(3463, 21, 'Tepanco de López'),
(3465, 21, 'Tepango de Rodríguez'),
(3467, 21, 'Tepatlaxco de Hidalgo'),
(3469, 21, 'Tepeaca'),
(3471, 21, 'Tepemaxalco'),
(3473, 21, 'Tepeojuma'),
(3475, 21, 'Tepetzintla'),
(3477, 21, 'Tepexco'),
(3479, 21, 'Tepexi de Rodríguez'),
(3481, 21, 'Tepeyahualco'),
(3483, 21, 'Tepeyahualco de Cuauhtémoc'),
(3485, 21, 'Tetela de Ocampo'),
(3487, 21, 'Teteles de Avila Castillo'),
(3489, 21, 'Teziutlán'),
(3491, 21, 'Tianguismanalco'),
(3493, 21, 'Tilapa'),
(3495, 21, 'Tlacotepec de Benito Juárez'),
(3497, 21, 'Tlacuilotepec'),
(3499, 21, 'Tlachichuca'),
(3501, 21, 'Tlahuapan'),
(3503, 21, 'Tlaltenango'),
(3505, 21, 'Tlanepantla'),
(3507, 21, 'Tlaola'),
(3509, 21, 'Tlapacoya'),
(3511, 21, 'Tlapanalá'),
(3513, 21, 'Tlatlauquitepec'),
(3515, 21, 'Tlaxco'),
(3517, 21, 'Tochimilco'),
(3519, 21, 'Tochtepec'),
(3521, 21, 'Totoltepec de Guerrero'),
(3523, 21, 'Tulcingo'),
(3525, 21, 'Tuzamapan de Galeana'),
(3527, 21, 'Tzicatlacoyan'),
(3533, 21, 'Xayacatlán de Bravo'),
(3535, 21, 'Xicotepec'),
(3537, 21, 'Xicotlán'),
(3539, 21, 'Xiutetelco'),
(3541, 21, 'Xochiapulco'),
(3543, 21, 'Xochiltepec'),
(3545, 21, 'Xochitlán de Vicente Suárez'),
(3547, 21, 'Xochitlán Todos Santos'),
(3549, 21, 'Yaonáhuac'),
(3551, 21, 'Yehualtepec'),
(3553, 21, 'Zacapala'),
(3555, 21, 'Zacapoaxtla'),
(3557, 21, 'Zacatlán'),
(3559, 21, 'Zapotitlán'),
(3561, 21, 'Zapotitlán de Méndez'),
(3565, 21, 'Zautla'),
(3567, 21, 'Zihuateutla'),
(3569, 21, 'Zinacatepec'),
(3571, 21, 'Zongozotla'),
(3573, 21, 'Zoquiapan'),
(3575, 21, 'Zoquitlán'),
(3577, 22, 'Amealco de Bonfil'),
(3579, 22, 'Pinal de Amoles'),
(3581, 22, 'Arroyo Seco'),
(3583, 22, 'Cadereyta de Montes'),
(3585, 22, 'Colón'),
(3587, 22, 'Corregidora'),
(3589, 22, 'Ezequiel Montes'),
(3591, 22, 'Huimilpan'),
(3593, 22, 'Jalpan de Serra'),
(3595, 22, 'Landa de Matamoros'),
(3597, 22, 'El Marqués'),
(3599, 22, 'Pedro Escobedo'),
(3601, 22, 'Peñamiller'),
(3603, 22, 'Querétaro'),
(3605, 22, 'San Joaquín'),
(3609, 22, 'Tequisquiapan'),
(3613, 23, 'Cozumel'),
(3615, 23, 'Felipe Carrillo Puerto'),
(3617, 23, 'Isla Mujeres'),
(3619, 23, 'Othón P. Blanco'),
(3623, 23, 'José María Morelos'),
(3627, 23, 'Solidaridad'),
(3629, 23, 'Tulum'),
(3631, 23, 'Bacalar'),
(3633, 24, 'Ahualulco'),
(3635, 24, 'Alaquines'),
(3637, 24, 'Aquismón'),
(3639, 24, 'Armadillo de los Infante'),
(3641, 24, 'Cárdenas'),
(3643, 24, 'Catorce'),
(3645, 24, 'Cedral'),
(3647, 24, 'Cerritos'),
(3649, 24, 'Cerro de San Pedro'),
(3651, 24, 'Ciudad del Maíz'),
(3653, 24, 'Ciudad Fernández'),
(3655, 24, 'Tancanhuitz'),
(3657, 24, 'Ciudad Valles');
INSERT INTO `company_municipios` (`id`, `estados_id`, `municipio`) VALUES
(3661, 24, 'Charcas'),
(3663, 24, 'Ebano'),
(3665, 24, 'Guadalcázar'),
(3667, 24, 'Huehuetlán'),
(3671, 24, 'Matehuala'),
(3673, 24, 'Mexquitic de Carmona'),
(3675, 24, 'Moctezuma'),
(3679, 24, 'Rioverde'),
(3681, 24, 'Salinas'),
(3683, 24, 'San Antonio'),
(3685, 24, 'San Ciro de Acosta'),
(3687, 24, 'San Luis Potosí'),
(3689, 24, 'San Martín Chalchicuautla'),
(3691, 24, 'San Nicolás Tolentino'),
(3695, 24, 'Santa María del Río'),
(3697, 24, 'Santo Domingo'),
(3699, 24, 'San Vicente Tancuayalab'),
(3701, 24, 'Soledad de Graciano Sánchez'),
(3703, 24, 'Tamasopo'),
(3705, 24, 'Tamazunchale'),
(3707, 24, 'Tampacán'),
(3709, 24, 'Tampamolón Corona'),
(3711, 24, 'Tamuín'),
(3713, 24, 'Tanlajás'),
(3715, 24, 'Tanquián de Escobedo'),
(3717, 24, 'Tierra Nueva'),
(3719, 24, 'Vanegas'),
(3721, 24, 'Venado'),
(3723, 24, 'Villa de Arriaga'),
(3725, 24, 'Villa de Guadalupe'),
(3727, 24, 'Villa de la Paz'),
(3729, 24, 'Villa de Ramos'),
(3731, 24, 'Villa de Reyes'),
(3735, 24, 'Villa Juárez'),
(3737, 24, 'Axtla de Terrazas'),
(3739, 24, 'Xilitla'),
(3743, 24, 'Villa de Arista'),
(3745, 24, 'Matlapa'),
(3747, 24, 'El Naranjo'),
(3749, 25, 'Ahome'),
(3751, 25, 'Angostura'),
(3753, 25, 'Badiraguato'),
(3755, 25, 'Concordia'),
(3757, 25, 'Cosalá'),
(3759, 25, 'Culiacán'),
(3761, 25, 'Choix'),
(3763, 25, 'Elota'),
(3765, 25, 'Escuinapa'),
(3767, 25, 'El Fuerte'),
(3769, 25, 'Guasave'),
(3771, 25, 'Mazatlán'),
(3773, 25, 'Mocorito'),
(3777, 25, 'Salvador Alvarado'),
(3779, 25, 'San Ignacio'),
(3781, 25, 'Sinaloa'),
(3783, 25, 'Navolato'),
(3785, 26, 'Aconchi'),
(3787, 26, 'Agua Prieta'),
(3789, 26, 'Alamos'),
(3791, 26, 'Altar'),
(3793, 26, 'Arivechi'),
(3795, 26, 'Arizpe'),
(3797, 26, 'Atil'),
(3799, 26, 'Bacadéhuachi'),
(3801, 26, 'Bacanora'),
(3803, 26, 'Bacerac'),
(3805, 26, 'Bacoachi'),
(3807, 26, 'Bácum'),
(3809, 26, 'Banámichi'),
(3811, 26, 'Baviácora'),
(3813, 26, 'Bavispe'),
(3815, 26, 'Benjamín Hill'),
(3817, 26, 'Caborca'),
(3819, 26, 'Cajeme'),
(3821, 26, 'Cananea'),
(3823, 26, 'Carbó'),
(3825, 26, 'La Colorada'),
(3827, 26, 'Cucurpe'),
(3829, 26, 'Cumpas'),
(3831, 26, 'Divisaderos'),
(3833, 26, 'Empalme'),
(3835, 26, 'Etchojoa'),
(3837, 26, 'Fronteras'),
(3839, 26, 'Granados'),
(3841, 26, 'Guaymas'),
(3843, 26, 'Hermosillo'),
(3845, 26, 'Huachinera'),
(3847, 26, 'Huásabas'),
(3849, 26, 'Huatabampo'),
(3851, 26, 'Huépac'),
(3853, 26, 'Imuris'),
(3861, 26, 'Naco'),
(3863, 26, 'Nácori Chico'),
(3865, 26, 'Nacozari de García'),
(3867, 26, 'Navojoa'),
(3869, 26, 'Nogales'),
(3871, 26, 'Onavas'),
(3873, 26, 'Opodepe'),
(3875, 26, 'Oquitoa'),
(3877, 26, 'Pitiquito'),
(3879, 26, 'Puerto Peñasco'),
(3881, 26, 'Quiriego'),
(3887, 26, 'Sahuaripa'),
(3889, 26, 'San Felipe de Jesús'),
(3891, 26, 'San Javier'),
(3893, 26, 'San Luis Río Colorado'),
(3895, 26, 'San Miguel de Horcasitas'),
(3897, 26, 'San Pedro de la Cueva'),
(3901, 26, 'Santa Cruz'),
(3903, 26, 'Sáric'),
(3905, 26, 'Soyopa'),
(3907, 26, 'Suaqui Grande'),
(3909, 26, 'Tepache'),
(3911, 26, 'Trincheras'),
(3913, 26, 'Tubutama'),
(3915, 26, 'Ures'),
(3919, 26, 'Villa Pesqueira'),
(3921, 26, 'Yécora'),
(3923, 26, 'General Plutarco Elías Calles'),
(3927, 26, 'San Ignacio Río Muerto'),
(3929, 27, 'Balancán'),
(3933, 27, 'Centla'),
(3935, 27, 'Centro'),
(3937, 27, 'Comalcalco'),
(3939, 27, 'Cunduacán'),
(3943, 27, 'Huimanguillo'),
(3945, 27, 'Jalapa'),
(3947, 27, 'Jalpa de Méndez'),
(3949, 27, 'Jonuta'),
(3951, 27, 'Macuspana'),
(3953, 27, 'Nacajuca'),
(3955, 27, 'Paraíso'),
(3957, 27, 'Tacotalpa'),
(3959, 27, 'Teapa'),
(3961, 27, 'Tenosique'),
(3967, 28, 'Altamira'),
(3969, 28, 'Antiguo Morelos'),
(3971, 28, 'Burgos'),
(3977, 28, 'Casas'),
(3979, 28, 'Ciudad Madero'),
(3981, 28, 'Cruillas'),
(3985, 28, 'González'),
(3987, 28, 'Güémez'),
(3991, 28, 'Gustavo Díaz Ordaz'),
(3995, 28, 'Jaumave'),
(3999, 28, 'Llera'),
(4001, 28, 'Mainero'),
(4003, 28, 'El Mante'),
(4007, 28, 'Méndez'),
(4009, 28, 'Mier'),
(4011, 28, 'Miguel Alemán'),
(4013, 28, 'Miquihuana'),
(4015, 28, 'Nuevo Laredo'),
(4017, 28, 'Nuevo Morelos'),
(4021, 28, 'Padilla'),
(4023, 28, 'Palmillas'),
(4025, 28, 'Reynosa'),
(4027, 28, 'Río Bravo'),
(4029, 28, 'San Carlos'),
(4035, 28, 'Soto la Marina'),
(4037, 28, 'Tampico'),
(4039, 28, 'Tula'),
(4041, 28, 'Valle Hermoso'),
(4047, 28, 'Xicoténcatl'),
(4049, 29, 'Amaxac de Guerrero'),
(4051, 29, 'Apetatitlán de Antonio Carvajal'),
(4053, 29, 'Atlangatepec'),
(4055, 29, 'Atltzayanca'),
(4057, 29, 'Apizaco'),
(4059, 29, 'Calpulalpan'),
(4061, 29, 'El Carmen Tequexquitla'),
(4063, 29, 'Cuapiaxtla'),
(4065, 29, 'Cuaxomulco'),
(4067, 29, 'Chiautempan'),
(4069, 29, 'Muñoz de Domingo Arenas'),
(4071, 29, 'Españita'),
(4073, 29, 'Huamantla'),
(4075, 29, 'Hueyotlipan'),
(4077, 29, 'Ixtacuixtla de Mariano Matamoros'),
(4079, 29, 'Ixtenco'),
(4081, 29, 'Mazatecochco de José María Morelos'),
(4083, 29, 'Contla de Juan Cuamatzi'),
(4085, 29, 'Tepetitla de Lardizábal'),
(4087, 29, 'Sanctórum de Lázaro Cárdenas'),
(4089, 29, 'Nanacamilpa de Mariano Arista'),
(4091, 29, 'Acuamanala de Miguel Hidalgo'),
(4093, 29, 'Natívitas'),
(4095, 29, 'Panotla'),
(4097, 29, 'San Pablo del Monte'),
(4099, 29, 'Santa Cruz Tlaxcala'),
(4103, 29, 'Teolocholco'),
(4105, 29, 'Tepeyanco'),
(4107, 29, 'Terrenate'),
(4109, 29, 'Tetla de la Solidaridad'),
(4111, 29, 'Tetlatlahuca'),
(4113, 29, 'Tlaxcala'),
(4117, 29, 'Tocatlán'),
(4119, 29, 'Totolac'),
(4121, 29, 'Ziltlaltépec de Trinidad Sánchez Santos'),
(4123, 29, 'Tzompantepec'),
(4125, 29, 'Xaloztoc'),
(4127, 29, 'Xaltocan'),
(4129, 29, 'Papalotla de Xicohténcatl'),
(4131, 29, 'Xicohtzinco'),
(4133, 29, 'Yauhquemehcan'),
(4135, 29, 'Zacatelco'),
(4143, 29, 'La Magdalena Tlaltelulco'),
(4145, 29, 'San Damián Texóloc'),
(4147, 29, 'San Francisco Tetlanohcan'),
(4149, 29, 'San Jerónimo Zacualpan'),
(4151, 29, 'San José Teacalco'),
(4153, 29, 'San Juan Huactzinco'),
(4155, 29, 'San Lorenzo Axocomanitla'),
(4157, 29, 'San Lucas Tecopilco'),
(4159, 29, 'Santa Ana Nopalucan'),
(4161, 29, 'Santa Apolonia Teacalco'),
(4163, 29, 'Santa Catarina Ayometla'),
(4165, 29, 'Santa Cruz Quilehtla'),
(4167, 29, 'Santa Isabel Xiloxoxtla'),
(4173, 30, 'Acayucan'),
(4177, 30, 'Acula'),
(4179, 30, 'Acultzingo'),
(4181, 30, 'Camarón de Tejeda'),
(4183, 30, 'Alpatláhuac'),
(4185, 30, 'Alto Lucero de Gutiérrez Barrios'),
(4187, 30, 'Altotonga'),
(4189, 30, 'Alvarado'),
(4191, 30, 'Amatitlán'),
(4193, 30, 'Naranjos Amatlán'),
(4195, 30, 'Amatlán de los Reyes'),
(4197, 30, 'Angel R. Cabada'),
(4199, 30, 'La Antigua'),
(4201, 30, 'Apazapan'),
(4205, 30, 'Astacinga'),
(4207, 30, 'Atlahuilco'),
(4211, 30, 'Atzacan'),
(4213, 30, 'Atzalan'),
(4215, 30, 'Tlaltetela'),
(4217, 30, 'Ayahualulco'),
(4219, 30, 'Banderilla'),
(4223, 30, 'Boca del Río'),
(4225, 30, 'Calcahualco'),
(4227, 30, 'Camerino Z. Mendoza'),
(4229, 30, 'Carrillo Puerto'),
(4231, 30, 'Catemaco'),
(4233, 30, 'Cazones de Herrera'),
(4235, 30, 'Cerro Azul'),
(4237, 30, 'Citlaltépetl'),
(4239, 30, 'Coacoatzintla'),
(4241, 30, 'Coahuitlán'),
(4245, 30, 'Coatzacoalcos'),
(4247, 30, 'Coatzintla'),
(4249, 30, 'Coetzala'),
(4251, 30, 'Colipa'),
(4253, 30, 'Comapa'),
(4255, 30, 'Córdoba'),
(4257, 30, 'Cosamaloapan de Carpio'),
(4259, 30, 'Cosautlán de Carvajal'),
(4261, 30, 'Coscomatepec'),
(4263, 30, 'Cosoleacaque'),
(4265, 30, 'Cotaxtla'),
(4267, 30, 'Coxquihui'),
(4269, 30, 'Coyutla'),
(4271, 30, 'Cuichapa'),
(4273, 30, 'Cuitláhuac'),
(4275, 30, 'Chacaltianguis'),
(4277, 30, 'Chalma'),
(4279, 30, 'Chiconamel'),
(4281, 30, 'Chiconquiaco'),
(4283, 30, 'Chicontepec'),
(4285, 30, 'Chinameca'),
(4287, 30, 'Chinampa de Gorostiza'),
(4289, 30, 'Las Choapas'),
(4291, 30, 'Chocamán'),
(4293, 30, 'Chontla'),
(4295, 30, 'Chumatlán'),
(4299, 30, 'Espinal'),
(4301, 30, 'Filomeno Mata'),
(4303, 30, 'Fortín'),
(4305, 30, 'Gutiérrez Zamora'),
(4307, 30, 'Hidalgotitlán'),
(4309, 30, 'Huatusco'),
(4311, 30, 'Huayacocotla'),
(4313, 30, 'Hueyapan de Ocampo'),
(4315, 30, 'Huiloapan de Cuauhtémoc'),
(4317, 30, 'Ignacio de la Llave'),
(4319, 30, 'Ilamatlán'),
(4321, 30, 'Isla'),
(4323, 30, 'Ixcatepec'),
(4325, 30, 'Ixhuacán de los Reyes'),
(4327, 30, 'Ixhuatlán del Café'),
(4329, 30, 'Ixhuatlancillo'),
(4331, 30, 'Ixhuatlán del Sureste'),
(4333, 30, 'Ixhuatlán de Madero'),
(4335, 30, 'Ixmatlahuacan'),
(4337, 30, 'Ixtaczoquitlán'),
(4339, 30, 'Jalacingo'),
(4341, 30, 'Xalapa'),
(4343, 30, 'Jalcomulco'),
(4345, 30, 'Jáltipan'),
(4347, 30, 'Jamapa'),
(4349, 30, 'Jesús Carranza'),
(4351, 30, 'Xico'),
(4355, 30, 'Juan Rodríguez Clara'),
(4357, 30, 'Juchique de Ferrer'),
(4359, 30, 'Landero y Coss'),
(4361, 30, 'Lerdo de Tejada'),
(4365, 30, 'Maltrata'),
(4367, 30, 'Manlio Fabio Altamirano'),
(4369, 30, 'Mariano Escobedo'),
(4371, 30, 'Martínez de la Torre'),
(4373, 30, 'Mecatlán'),
(4375, 30, 'Mecayapan'),
(4377, 30, 'Medellín de Bravo'),
(4379, 30, 'Miahuatlán'),
(4381, 30, 'Las Minas'),
(4385, 30, 'Misantla'),
(4387, 30, 'Mixtla de Altamirano'),
(4389, 30, 'Moloacán'),
(4391, 30, 'Naolinco'),
(4393, 30, 'Naranjal'),
(4395, 30, 'Nautla'),
(4399, 30, 'Oluta'),
(4401, 30, 'Omealca'),
(4403, 30, 'Orizaba'),
(4405, 30, 'Otatitlán'),
(4407, 30, 'Oteapan'),
(4409, 30, 'Ozuluama de Mascareñas'),
(4411, 30, 'Pajapan'),
(4413, 30, 'Pánuco'),
(4415, 30, 'Papantla'),
(4417, 30, 'Paso del Macho'),
(4419, 30, 'Paso de Ovejas'),
(4421, 30, 'La Perla'),
(4423, 30, 'Perote'),
(4425, 30, 'Platón Sánchez'),
(4427, 30, 'Playa Vicente'),
(4429, 30, 'Poza Rica de Hidalgo'),
(4431, 30, 'Las Vigas de Ramírez'),
(4433, 30, 'Pueblo Viejo'),
(4435, 30, 'Puente Nacional'),
(4437, 30, 'Rafael Delgado'),
(4439, 30, 'Rafael Lucio'),
(4443, 30, 'Río Blanco'),
(4445, 30, 'Saltabarranca'),
(4447, 30, 'San Andrés Tenejapan'),
(4449, 30, 'San Andrés Tuxtla'),
(4451, 30, 'San Juan Evangelista'),
(4453, 30, 'Santiago Tuxtla'),
(4455, 30, 'Sayula de Alemán'),
(4457, 30, 'Soconusco'),
(4459, 30, 'Sochiapa'),
(4461, 30, 'Soledad Atzompa'),
(4463, 30, 'Soledad de Doblado'),
(4465, 30, 'Soteapan'),
(4467, 30, 'Tamalín'),
(4469, 30, 'Tamiahua'),
(4471, 30, 'Tampico Alto'),
(4473, 30, 'Tancoco'),
(4475, 30, 'Tantima'),
(4477, 30, 'Tantoyuca'),
(4479, 30, 'Tatatila'),
(4481, 30, 'Castillo de Teayo'),
(4483, 30, 'Tecolutla'),
(4485, 30, 'Tehuipango'),
(4487, 30, 'Álamo Temapache'),
(4489, 30, 'Tempoal'),
(4491, 30, 'Tenampa'),
(4493, 30, 'Tenochtitlán'),
(4495, 30, 'Teocelo'),
(4497, 30, 'Tepatlaxco'),
(4499, 30, 'Tepetlán'),
(4505, 30, 'José Azueta'),
(4507, 30, 'Texcatepec'),
(4509, 30, 'Texhuacán'),
(4511, 30, 'Texistepec'),
(4513, 30, 'Tezonapa'),
(4517, 30, 'Tihuatlán'),
(4519, 30, 'Tlacojalpan'),
(4521, 30, 'Tlacolulan'),
(4523, 30, 'Tlacotalpan'),
(4525, 30, 'Tlacotepec de Mejía'),
(4527, 30, 'Tlachichilco'),
(4529, 30, 'Tlalixcoyan'),
(4531, 30, 'Tlalnelhuayocan'),
(4533, 30, 'Tlapacoyan'),
(4535, 30, 'Tlaquilpa'),
(4537, 30, 'Tlilapan'),
(4541, 30, 'Tonayán'),
(4543, 30, 'Totutla'),
(4547, 30, 'Tuxtilla'),
(4549, 30, 'Ursulo Galván'),
(4551, 30, 'Vega de Alatorre'),
(4553, 30, 'Veracruz'),
(4555, 30, 'Villa Aldama'),
(4557, 30, 'Xoxocotla'),
(4559, 30, 'Yanga'),
(4561, 30, 'Yecuatla'),
(4567, 30, 'Zentla'),
(4569, 30, 'Zongolica'),
(4571, 30, 'Zontecomatlán de López y Fuentes'),
(4573, 30, 'Zozocolco de Hidalgo'),
(4575, 30, 'Agua Dulce'),
(4577, 30, 'El Higo'),
(4579, 30, 'Nanchital de Lázaro Cárdenas del Río'),
(4581, 30, 'Tres Valles'),
(4583, 30, 'Carlos A. Carrillo'),
(4585, 30, 'Tatahuicapan de Juárez'),
(4587, 30, 'Uxpanapa'),
(4589, 30, 'San Rafael'),
(4591, 30, 'Santiago Sochiapan'),
(4593, 31, 'Abalá'),
(4595, 31, 'Acanceh'),
(4597, 31, 'Akil'),
(4599, 31, 'Baca'),
(4601, 31, 'Bokobá'),
(4603, 31, 'Buctzotz'),
(4605, 31, 'Cacalchén'),
(4607, 31, 'Calotmul'),
(4609, 31, 'Cansahcab'),
(4611, 31, 'Cantamayec'),
(4613, 31, 'Celestún'),
(4615, 31, 'Cenotillo'),
(4617, 31, 'Conkal'),
(4619, 31, 'Cuncunul'),
(4621, 31, 'Cuzamá'),
(4623, 31, 'Chacsinkín'),
(4625, 31, 'Chankom'),
(4627, 31, 'Chapab'),
(4629, 31, 'Chemax'),
(4631, 31, 'Chicxulub Pueblo'),
(4633, 31, 'Chichimilá'),
(4635, 31, 'Chikindzonot'),
(4637, 31, 'Chocholá'),
(4639, 31, 'Chumayel'),
(4641, 31, 'Dzán'),
(4643, 31, 'Dzemul'),
(4645, 31, 'Dzidzantún'),
(4647, 31, 'Dzilam de Bravo'),
(4649, 31, 'Dzilam González'),
(4651, 31, 'Dzitás'),
(4653, 31, 'Dzoncauich'),
(4655, 31, 'Espita'),
(4657, 31, 'Halachó'),
(4659, 31, 'Hocabá'),
(4661, 31, 'Hoctún'),
(4663, 31, 'Homún'),
(4665, 31, 'Huhí'),
(4667, 31, 'Hunucmá'),
(4669, 31, 'Ixil'),
(4671, 31, 'Izamal'),
(4673, 31, 'Kanasín'),
(4675, 31, 'Kantunil'),
(4677, 31, 'Kaua'),
(4679, 31, 'Kinchil'),
(4681, 31, 'Kopomá'),
(4683, 31, 'Mama'),
(4685, 31, 'Maní'),
(4687, 31, 'Maxcanú'),
(4689, 31, 'Mayapán'),
(4691, 31, 'Mérida'),
(4693, 31, 'Mocochá'),
(4695, 31, 'Motul'),
(4697, 31, 'Muna'),
(4699, 31, 'Muxupip'),
(4701, 31, 'Opichén'),
(4703, 31, 'Oxkutzcab'),
(4705, 31, 'Panabá'),
(4707, 31, 'Peto'),
(4711, 31, 'Quintana Roo'),
(4713, 31, 'Río Lagartos'),
(4715, 31, 'Sacalum'),
(4717, 31, 'Samahil'),
(4719, 31, 'Sanahcat'),
(4723, 31, 'Santa Elena'),
(4725, 31, 'Seyé'),
(4727, 31, 'Sinanché'),
(4729, 31, 'Sotuta'),
(4731, 31, 'Sucilá'),
(4733, 31, 'Sudzal'),
(4735, 31, 'Suma'),
(4737, 31, 'Tahdziú'),
(4739, 31, 'Tahmek'),
(4741, 31, 'Teabo'),
(4743, 31, 'Tecoh'),
(4745, 31, 'Tekal de Venegas'),
(4747, 31, 'Tekantó'),
(4749, 31, 'Tekax'),
(4751, 31, 'Tekit'),
(4753, 31, 'Tekom'),
(4755, 31, 'Telchac Pueblo'),
(4757, 31, 'Telchac Puerto'),
(4759, 31, 'Temax'),
(4761, 31, 'Temozón'),
(4763, 31, 'Tepakán'),
(4765, 31, 'Tetiz'),
(4767, 31, 'Teya'),
(4769, 31, 'Ticul'),
(4771, 31, 'Timucuy'),
(4773, 31, 'Tinum'),
(4775, 31, 'Tixcacalcupul'),
(4777, 31, 'Tixkokob'),
(4779, 31, 'Tixmehuac'),
(4781, 31, 'Tixpéhual'),
(4783, 31, 'Tizimín'),
(4785, 31, 'Tunkás'),
(4787, 31, 'Tzucacab'),
(4789, 31, 'Uayma'),
(4791, 31, 'Ucú'),
(4793, 31, 'Umán'),
(4795, 31, 'Valladolid'),
(4797, 31, 'Xocchel'),
(4799, 31, 'Yaxcabá'),
(4801, 31, 'Yaxkukul'),
(4803, 31, 'Yobaín'),
(4805, 32, 'Apozol'),
(4807, 32, 'Apulco'),
(4809, 32, 'Atolinga'),
(4813, 32, 'Calera'),
(4815, 32, 'Cañitas de Felipe Pescador'),
(4817, 32, 'Concepción del Oro'),
(4821, 32, 'Chalchihuites'),
(4823, 32, 'Fresnillo'),
(4825, 32, 'Trinidad García de la Cadena'),
(4827, 32, 'Genaro Codina'),
(4829, 32, 'General Enrique Estrada'),
(4831, 32, 'General Francisco R. Murguía'),
(4833, 32, 'El Plateado de Joaquín Amaro'),
(4835, 32, 'General Pánfilo Natera'),
(4839, 32, 'Huanusco'),
(4841, 32, 'Jalpa'),
(4843, 32, 'Jerez'),
(4845, 32, 'Jiménez del Teul'),
(4847, 32, 'Juan Aldama'),
(4849, 32, 'Juchipila'),
(4853, 32, 'Luis Moya'),
(4855, 32, 'Mazapil'),
(4859, 32, 'Mezquital del Oro'),
(4861, 32, 'Miguel Auza'),
(4863, 32, 'Momax'),
(4865, 32, 'Monte Escobedo'),
(4869, 32, 'Moyahua de Estrada'),
(4871, 32, 'Nochistlán de Mejía'),
(4873, 32, 'Noria de Ángeles'),
(4875, 32, 'Ojocaliente'),
(4879, 32, 'Pinos'),
(4881, 32, 'Río Grande'),
(4883, 32, 'Sain Alto'),
(4885, 32, 'El Salvador'),
(4887, 32, 'Sombrerete'),
(4889, 32, 'Susticacán'),
(4891, 32, 'Tabasco'),
(4893, 32, 'Tepechitlán'),
(4895, 32, 'Tepetongo'),
(4897, 32, 'Teúl de González Ortega'),
(4899, 32, 'Tlaltenango de Sánchez Román'),
(4901, 32, 'Valparaíso'),
(4903, 32, 'Vetagrande'),
(4905, 32, 'Villa de Cos'),
(4907, 32, 'Villa García'),
(4909, 32, 'Villa González Ortega'),
(4913, 32, 'Villanueva'),
(4915, 32, 'Zacatecas'),
(4917, 32, 'Trancoso'),
(4919, 32, 'Santa María de la Paz');

-- --------------------------------------------------------

--
-- Estructura de tabla para la tabla `company_perfiles`
--

CREATE TABLE IF NOT EXISTS `company_perfiles` (
  `id` int(11) NOT NULL AUTO_INCREMENT,
  `company_id` int(11) NOT NULL,
  `nombre` varchar(100) NOT NULL,
  `sexo` varchar(1) NOT NULL,
  `email` varchar(100) DEFAULT NULL,
  `edad` int(11) NOT NULL,
  `telefono1` varchar(20) NOT NULL,
  `telefono2` varchar(20) DEFAULT NULL,
  `puesto` varchar(35) NOT NULL,
  `experiencia` varchar(220) NOT NULL,
  `educacion` varchar(35) DEFAULT NULL,
  `estados_id` int(11) NOT NULL,
  `municipios_id` int(11) NOT NULL,
  `comentario` text,
  `user_id` int(11) DEFAULT NULL,
  `no_aplica` tinyint(1) DEFAULT NULL,
  `aplico` tinyint(1) DEFAULT NULL,
  `llamar` tinyint(1) DEFAULT NULL,
  `entrevista1` tinyint(1) DEFAULT NULL,
  `entrevista2` tinyint(1) DEFAULT NULL,
  `medico` tinyint(1) DEFAULT NULL,
  `documentos` tinyint(1) DEFAULT NULL,
  `contrato` tinyint(1) DEFAULT NULL,
  `created` timestamp NOT NULL DEFAULT CURRENT_TIMESTAMP,
  PRIMARY KEY (`id`)
) ENGINE=InnoDB  DEFAULT CHARSET=utf8 AUTO_INCREMENT=55 ;

--
-- Volcado de datos para la tabla `company_perfiles`
--

INSERT INTO `company_perfiles` (`id`, `company_id`, `nombre`, `sexo`, `email`, `edad`, `telefono1`, `telefono2`, `puesto`, `experiencia`, `educacion`, `estados_id`, `municipios_id`, `comentario`, `user_id`, `no_aplica`, `aplico`, `llamar`, `entrevista1`, `entrevista2`, `medico`, `documentos`, `contrato`, `created`) VALUES
(3, 2, 'Enrique Arenas', 'M', 'quique@arenas.com', 45, '5566994433', '3344556677', 'Suajador', 'Tengo mucha experiencia =)', NULL, 1, 1, NULL, 13, NULL, 1, NULL, NULL, NULL, NULL, NULL, NULL, '2017-01-24 15:34:09'),
(4, 2, 't', 'F', 'dfsd@fs.com', 45, '45', '45', 'Limpieza', 'dfgdfgd', NULL, 1, 1, 'Ya le llamé, excelente candidata', 13, 1, NULL, NULL, NULL, NULL, 1, NULL, NULL, '2017-01-24 15:38:50'),
(5, 2, 'David Centeno', 'M', 'david@centeno.com', 29, '5566778890', '4848484747', 'Albañil', 'jkdsfsjkfnsdjfn kjdsnfjds fnjdks fndjks fnkjds . nfkjdsnfkjdsnfjdsnfkdsnj', NULL, 1, 1, 'Podemos poner muchos comentarios en esta sección podemos segregar lo que tenemos', 13, NULL, NULL, 1, NULL, 1, NULL, 1, 1, '2017-01-24 17:15:46'),
(6, 2, 'luis g', 'M', 'sdfsd@sdfs.com', 45, '5544332211', '3444444444', 'Homenajeador', 'dsdfsfs', NULL, 1, 1, NULL, 13, NULL, NULL, NULL, NULL, NULL, NULL, NULL, NULL, '2017-01-24 17:46:40'),
(11, 3, 'Juan Lopez', 'M', 'jua@lopez.com', 23, '5566778899', '5544663377', 'Ventas', 'Tenga amplia experiencia en ventas', 'Preparatoria trunca', 1, 1, 'call him', NULL, 0, 1, 1, 1, 1, 1, 1, 0, '2017-01-24 20:56:43'),
(12, 3, 'Maria Gomez', 'F', 'mari@gomez.com', 33, '4488559966', '9988776655', 'Cajero', 'Tengo muchisima experiencia como cajera', 'Carrera comercial', 1, 1, NULL, NULL, NULL, NULL, NULL, NULL, NULL, NULL, NULL, NULL, '2017-01-24 20:58:30'),
(13, 3, 'Jose portillo', 'M', 'jose@gmail.com', 33, '5544332288', '5544667899', 'Seguridad', 'Soy un excelente guardia de seguridad', 'Preparatoria o vocacional', 1, 1, 'Es muy bueno este candidato', NULL, NULL, NULL, NULL, NULL, NULL, NULL, NULL, 1, '2017-01-24 20:59:16'),
(14, 3, 'Angelica Perez', 'F', 'angelica@hotmail.com', 36, '6677889988', '6665544444', 'Promotor', 'No tengo experiencia pero le echo muchas ganas a todo lo que hago', 'Técnico superior universitario', 1, 1, 'Excelente candidato                          Deleg GAM', NULL, 1, NULL, 1, 1, 1, 1, 1, 1, '2017-01-24 21:01:48'),
(15, 3, 'Roberto Hernández', 'M', 'rober@gmail.com', 45, '4499883333', NULL, 'Seguridad', 'No se me escapa nadie, soy un excelente guardia de seguridad', 'Preparatoria trunca', 1, 1, NULL, NULL, 1, 0, NULL, 1, NULL, NULL, 0, 0, '2017-01-24 21:03:32'),
(16, 3, 'Julieta Venegas', 'F', 'juli@gmail.com', 55, '9988332222', NULL, 'Limpieza', 'Limpio mejor que el maestro limpio ;)', 'Primaria', 1, 1, NULL, NULL, NULL, NULL, NULL, NULL, NULL, NULL, NULL, NULL, '2017-01-24 21:04:42'),
(17, 3, 'Jorge Vazquez', 'M', 'elgeorge@gmail.com', 66, '7766448833', NULL, 'Seguridad', 'Soy mejor que matute a mi ningún Don Gato me ve la cara', 'Primaria', 1, 1, NULL, NULL, NULL, NULL, NULL, NULL, NULL, NULL, 1, NULL, '2017-01-24 21:05:48'),
(18, 3, 'Emilio Valencia', 'M', 'emi@disco.com', 23, '4477383838', NULL, 'Ventas', 'Soy el mejor vendedor, siempre llego a mi meta y mis comisiones es lo que mas amo', 'Carrera comercial', 1, 1, 'Excelente candidato', NULL, 1, 1, 1, 1, 1, 1, 1, 1, '2017-01-24 21:06:59'),
(19, 3, 'Jaqueline bracamontes', 'F', 'jaqui@gmail.com', 36, '4499828822', NULL, 'Cajero', 'Contrátame no te arrepentirás siempre la caja me cuadra y nunca ni me falta ni me sobra', 'Carrera técnica', 1, 1, 'No contraté', NULL, NULL, NULL, NULL, NULL, NULL, 1, NULL, NULL, '2017-01-24 21:08:01'),
(20, 3, 'Bernabe Hilario', 'M', 'bera@gmail.com', 29, '5577669909', NULL, 'Promotor', 'Uso mi botarga si es necesario siempre animo todas las activaciones y así genero ventas a la compañía', 'Primaria', 1, 1, 'Ya le llamé                         Deleg GAM', NULL, 1, 1, NULL, NULL, 1, 1, NULL, 1, '2017-01-24 21:09:13'),
(21, 3, 'Edgar Montiel', 'M', 'emontiel@paraiso.com', 44, '4849385394', '8947875983', 'Ventas', 'Hablando de ventas siempre llego a mi meta excepto cuando no llego', 'Secundaria / secundaria técnica', 1, 1, 'Referencias validadas', NULL, NULL, NULL, NULL, 1, NULL, NULL, NULL, NULL, '2017-01-24 21:10:37'),
(22, 3, 'David Centeno', 'M', 'dcenteno@empleolisto.com', 29, '4352345345', NULL, 'Promotor', 'Tengo amplia experiencia en promotoría', 'Primaria', 1, 1, 'En espera de sus documentos', NULL, 0, 1, 1, NULL, NULL, NULL, NULL, 1, '2017-01-24 21:12:25'),
(23, 4, 'Fernanda Maldonado Trejo', 'F', 'mmaldonado@occ.com.mx', 20, '5534889158', '5534889158', 'Cajero', 'Trabajé 2 años en Zara como cajero y vendedor.\r\n1 año en Walmart como cajero.\r\n', 'Técnico superior universitario', 1, 1, NULL, NULL, NULL, NULL, NULL, NULL, NULL, NULL, NULL, NULL, '2017-01-24 21:42:23'),
(24, 4, 'Angélica Sanchéz', 'F', 'mmaldonado@occ.com.mx', 30, '5534889158', '5534889158', 'Barista', '2 AÑOS EN STARBUCKS\r\n6 MESES EN CIELITO QUERIDO\r\n4 AÑOS DE MESERA EN VIPS', 'Carrera comercial', 1, 1, NULL, NULL, NULL, NULL, NULL, NULL, NULL, NULL, NULL, NULL, '2017-01-24 21:51:20'),
(25, 4, 'Ana Pérez Gutiérrez', 'F', 'mmaldonado@occ.com.mx', 40, '5534889158', '5534889158', 'Limpieza', 'trabajé 1 año de limpieza en un corporativo en polanco, también trabajé 3 años de limpieza en el centro comercial plaza satélite.', 'Primaria', 1, 1, NULL, NULL, 0, 0, 0, 0, 0, 0, 0, 0, '2017-01-24 21:54:05'),
(26, 4, 'Ana Pérez Gutiérrez', 'F', 'mmaldonado@occ.com.mx', 40, '5534889158', '5534889158', 'Limpieza', 'trabajé 1 año de limpieza en un corporativo en polanco, también trabajé 3 años de limpieza en el centro comercial plaza satélite.', 'Primaria', 1, 1, NULL, NULL, NULL, NULL, NULL, NULL, NULL, NULL, NULL, NULL, '2017-01-24 21:55:48'),
(27, 5, 'Empleolisto', 'M', 'empleolisto@empleolisto.com', 18, '5512345678', '5543768943', 'Cobrador', 'Encontrar talento', 'Carrera comercial', 1, 1, 'Puedes hacer comentarios sobre los candidatos', NULL, 1, 1, 1, 1, 1, 1, 1, 1, '2017-01-24 22:26:39'),
(28, 4, 'Sergio Godínez López', 'M', 'mmaldonado@occ.com.mx', 20, '5534889158', '5534889158', 'Bartender', 'tengo más de 6 años de experiencia en el ramo de bartender, he trabajado en Bares/ antros de acapulco.\r\n', 'Preparatoria o vocacional', 1, 1, NULL, NULL, NULL, NULL, NULL, NULL, NULL, NULL, NULL, NULL, '2017-01-24 22:34:07'),
(29, 4, 'Marco Mejía García', 'M', 'mmaldonado@occ.com.mx', 30, '5534889158', '5534889158', 'Chofer', 'He trabajado como chofer de Bimbo por más de 4 años y para Marinela por 3 años.', 'Secundaria / secundaria técnica', 1, 1, NULL, NULL, NULL, NULL, NULL, NULL, NULL, NULL, NULL, NULL, '2017-01-24 22:39:28'),
(30, 4, 'Antonio Hernández López', 'M', 'mmaldonado@occ.com.mx', 40, '5534889158', '5534889158', 'Seguridad', '3 años en liverpool como guardia de seguridad\r\n1 año como escolta de un senador\r\n5 meses como guardia de seguridad de Bancomer', 'Primaria', 1, 1, NULL, NULL, NULL, NULL, NULL, NULL, NULL, NULL, NULL, NULL, '2017-01-24 22:43:09'),
(31, 3, 'Juan perez', 'M', 'go@gail.com', 45, '5345345345', NULL, 'Auxiliar De Almacen', 'Soy excelente en mi trabajo', 'Carrera comercial', 1, 1, NULL, NULL, NULL, NULL, NULL, NULL, NULL, NULL, NULL, NULL, '2017-01-24 22:50:57'),
(32, 3, 'gdfgdf', 'M', 'dfdswerew@sds.ccom', 34, '3242342342', NULL, 'Ventas', 'sdfsdfdsfdssdfs', 'Secundaria / secundaria técnica', 1, 1, NULL, NULL, NULL, NULL, NULL, NULL, NULL, NULL, NULL, NULL, '2017-01-24 23:50:22'),
(33, 2, 'llenando1', 'F', 'llenando1@gmail.com', 22, '65165165', '65165156', 'Limpieza', '65165as1d65as1d', 'Primaria', 1, 1, NULL, NULL, NULL, NULL, NULL, NULL, NULL, NULL, NULL, NULL, '2017-01-25 11:31:58'),
(34, 2, 'llenando2', 'M', 'llenando2@gmail.com', 50, '5665156', '6516516', 'Cajero', 'as5ads6d51a6s5d', 'Preparatoria o vocacional', 1, 1, NULL, NULL, NULL, NULL, NULL, NULL, NULL, NULL, NULL, NULL, '2017-01-25 11:32:20'),
(35, 2, 'llenando3', 'F', NULL, 60, '56165165', '651561', 'Suajador', '56as1d65a1sd65as1d65sa1', 'Carrera técnica', 1, 1, NULL, NULL, NULL, NULL, NULL, NULL, NULL, NULL, NULL, NULL, '2017-01-25 11:35:50'),
(36, 2, 'llenando4', 'M', 'llenando4@gmail.com', 80, '98498498', '984894', 'Limpieza', 'a4s98d4a98sd4a98sd', 'Licenciatura Trunca', 1, 1, NULL, NULL, NULL, NULL, NULL, NULL, NULL, NULL, NULL, NULL, '2017-01-25 11:36:24'),
(37, 2, 'llenando5', 'F', 'llenando5@gmail.com', 50, '651651651', '65165156', 'Limpieza', 'a65s4d56as4d65asd', 'Técnico superior universitario', 2, 1, NULL, NULL, NULL, NULL, NULL, NULL, NULL, NULL, NULL, NULL, '2017-01-25 11:36:44'),
(38, 2, 'llenando6', 'M', 'llenando6@gmail.com', 50, '58198198', '981981', 'Suajador', '51as65d1a6s5d1a6s5d1a65sd', 'Preparatoria o vocacional', 1, 1, NULL, NULL, NULL, NULL, NULL, NULL, NULL, NULL, NULL, NULL, '2017-01-25 11:37:13'),
(39, 2, 'llenando7', 'F', 'llenando7@gmail.com', 40, '65165156', '56165156', 'Suajador', '6a5s1d56a1sd65a1sd65a1sda56sd', 'Técnico superior universitario', 1, 1, NULL, NULL, NULL, NULL, NULL, NULL, NULL, NULL, NULL, NULL, '2017-01-25 11:37:40'),
(40, 3, 'luis garza', 'M', 'luis@garza.com', 34, '4774783399', NULL, 'Seguridad', 'Soy excelente como vigilante', 'Carrera comercial', 2, 31, NULL, NULL, NULL, NULL, NULL, NULL, NULL, NULL, NULL, NULL, '2017-01-25 23:02:00'),
(41, 3, 'Fernanda Maldonado Trejo', 'F', 'mmaldonado@occ.com.mx', 26, '5534889158', '5534889158', 'Ventas', 'dfsdf', 'Secundaria / secundaria técnica', 1, 1, 'Si me encantó esta candidata', NULL, NULL, NULL, NULL, NULL, NULL, NULL, NULL, NULL, '2017-01-25 23:13:51'),
(42, 5, 'Luis Prueba', 'M', 'luis@prueba.com', 32, '5599440003', NULL, 'Cobrador', 'Experiencia muy amplia', 'Carrera técnica', 1, 1, NULL, NULL, NULL, NULL, NULL, NULL, NULL, NULL, NULL, NULL, '2017-01-26 06:06:40'),
(43, 3, 'fernanda', 'F', 'maslaodnaso@gmail.com', 23, '555555555', '55555555', 'Cajero', 'fsdfsdfsdf', 'Primaria', 1, 1, NULL, NULL, NULL, NULL, NULL, NULL, NULL, NULL, NULL, NULL, '2017-01-27 23:04:24'),
(44, 7, 'prueba 1', 'M', 'adalloya@gmail.com', 29, '6271231192', NULL, 'Operador De Linea', 'Ensamblaje', 'Secundaria / secundaria técnica', 1, 1, NULL, NULL, 1, NULL, NULL, NULL, NULL, NULL, NULL, NULL, '2017-02-15 18:47:08'),
(45, 8, 'nklnk', 'M', 'knjknkj@gmail.com', 23, '6271231192', NULL, 'Armadores', 'kklnnkkln', 'Secundaria / secundaria técnica', 1, 1, NULL, NULL, NULL, NULL, NULL, NULL, NULL, NULL, NULL, NULL, '2017-02-15 19:49:01'),
(46, 7, 'Julio Rivas Fernández', 'M', 'jrivas72@gmail.com', 44, '5549350718', NULL, 'Ventas', 'Tengo mucha experiencia en ventas', 'Licenciatura Trunca', 1, 1, NULL, NULL, NULL, NULL, NULL, NULL, NULL, NULL, NULL, NULL, '2017-02-15 23:04:08'),
(47, 7, 'Luis Garza', 'M', 'lgarza@gmail.com', 34, '5529091452', NULL, 'Ventas', 'Experiencia amplia en ventas', 'Licenciatura Trunca', 1, 1, NULL, NULL, NULL, NULL, NULL, NULL, NULL, NULL, NULL, NULL, '2017-02-15 23:12:48'),
(48, 7, 'Jaime', 'M', 'James@inami.gob.mx', 42, '5528493122', NULL, 'Almacenista', '5 años de experiencia en Chicago, EE.UU.', 'Técnico superior universitario', 1, 1, NULL, NULL, NULL, NULL, NULL, NULL, NULL, NULL, NULL, NULL, '2017-02-16 02:06:45'),
(49, 3, 'PEPE', 'M', 'jaimeirazabal1@gmail.com', 30, '0414329992', '0414329992', 'Cajero', 'una tremenda experiencia que no se describir xD', 'Licenciatura', 1, 1, NULL, NULL, NULL, NULL, NULL, NULL, NULL, NULL, NULL, NULL, '2017-02-20 00:46:34'),
(50, 3, 'PEPE', 'M', 'jaimeirazabal1@gmail.com', 30, '0414329992', '0414329992', 'Cajero', 'una tremenda experiencia que no se describir xD', 'Licenciatura', 1, 1, NULL, NULL, NULL, NULL, NULL, NULL, NULL, NULL, NULL, NULL, '2017-02-20 00:48:09'),
(51, 3, 'PAPA', 'M', 'pap@gmail.com', 30, '12031203', '1203', 'Cajero', 'qwmeoiqmwe', 'Técnico superior universitario', 1, 1, NULL, NULL, NULL, NULL, NULL, NULL, NULL, NULL, NULL, NULL, '2017-02-20 00:49:33'),
(52, 2, 'Jaime Municipios', 'M', 'municipios@gmail.com', 30, '5165165', '65165165', 'Cajero', 'asd87asd78asd87', 'Técnico superior universitario', 1, 2, NULL, NULL, NULL, NULL, NULL, NULL, NULL, NULL, NULL, NULL, '2017-02-20 14:32:28'),
(53, 2, 'Luis Garza roberto', 'M', NULL, 34, '5588990089', NULL, 'Cajero', 'Mucha experiencia', 'Primaria', 2, 31, NULL, NULL, NULL, NULL, NULL, NULL, NULL, NULL, NULL, NULL, '2017-02-20 19:40:59'),
(54, 2, 'Juana prueba de recepcionista', 'F', NULL, 45, '5544554455', NULL, 'Recepcionista', 'Soy muy buena', 'Secundaria / secundaria técnica', 1, 13, NULL, NULL, NULL, NULL, NULL, NULL, NULL, NULL, NULL, NULL, '2017-02-20 19:48:07');

-- --------------------------------------------------------

--
-- Estructura de tabla para la tabla `company_plan`
--

CREATE TABLE IF NOT EXISTS `company_plan` (
  `id` int(11) NOT NULL AUTO_INCREMENT,
  `meses` int(11) NOT NULL,
  `activo` tinyint(1) DEFAULT '1',
  `company_id` int(11) NOT NULL,
  `created` timestamp NOT NULL DEFAULT CURRENT_TIMESTAMP,
  PRIMARY KEY (`id`)
) ENGINE=InnoDB  DEFAULT CHARSET=utf8 AUTO_INCREMENT=10 ;

--
-- Volcado de datos para la tabla `company_plan`
--

INSERT INTO `company_plan` (`id`, `meses`, `activo`, `company_id`, `created`) VALUES
(2, 12, 1, 2, '2017-01-19 20:05:24'),
(3, 3, 1, 2, '2017-01-24 15:15:36'),
(4, 3, 1, 3, '2017-01-24 15:42:19'),
(5, 3, 1, 4, '2017-01-24 19:38:57'),
(7, 12, 1, 6, '2017-01-27 23:45:42'),
(8, 12, 1, 7, '2017-02-14 19:07:44'),
(9, 12, 1, 8, '2017-02-15 18:51:40');

-- --------------------------------------------------------

--
-- Estructura de tabla para la tabla `company_puesto`
--

CREATE TABLE IF NOT EXISTS `company_puesto` (
  `id` int(11) NOT NULL AUTO_INCREMENT,
  `puesto` varchar(50) NOT NULL,
  `activo` tinyint(1) DEFAULT NULL,
  `company_id` int(11) NOT NULL,
  `categoria_id` int(11) NOT NULL,
  PRIMARY KEY (`id`)
) ENGINE=InnoDB  DEFAULT CHARSET=utf8 AUTO_INCREMENT=92 ;

--
-- Volcado de datos para la tabla `company_puesto`
--

INSERT INTO `company_puesto` (`id`, `puesto`, `activo`, `company_id`, `categoria_id`) VALUES
(4, 'Ventas', 1, 1, 3),
(5, 'Seguridad', 1, 1, 2),
(14, 'Cajero', 1, 2, 3),
(15, 'Limpieza', 1, 2, 4),
(42, 'Cajero', 1, 3, 3),
(43, 'Ventas', 1, 3, 3),
(44, 'Promotor', 1, 3, 3),
(45, 'Seguridad', 1, 3, 2),
(48, 'Cajero', 1, 4, 3),
(49, 'Limpieza', 1, 4, 4),
(50, 'Chofer', 1, 4, 5),
(51, 'Operador De Linea', 1, 4, 6),
(53, 'Mesero', 1, 4, 1),
(54, 'Chef', 1, 4, 1),
(55, 'Ventas', 1, 4, 3),
(56, 'Promotor', 1, 4, 3),
(57, 'Seguridad', 1, 4, 2),
(58, 'Bartender', 1, 4, 1),
(59, 'Barista', 1, 4, 1),
(60, 'Ventas', 1, 5, 3),
(61, 'Promotor', 1, 5, 3),
(64, 'Limpieza', 1, 3, 4),
(66, 'Barista', 1, 3, 1),
(67, 'Chofer', 1, 3, 5),
(68, 'Cajero', 1, 7, 3),
(69, 'Limpieza', 1, 7, 4),
(70, 'Chofer', 1, 7, 5),
(71, 'Operador De Linea', 1, 7, 6),
(72, 'Mesero', 1, 7, 1),
(74, 'Ventas', 1, 7, 3),
(75, 'Chef', 1, 7, 1),
(76, 'Promotor', 1, 7, 3),
(77, 'Barista', 1, 7, 1),
(78, 'Bartender', 1, 7, 1),
(79, 'Seguridad', 1, 7, 2),
(80, 'Hostess', 1, 7, 1),
(83, 'Almacenista', 1, 7, 7),
(90, 'Cicario', 1, 3, 2),
(91, 'Recepcionista', 1, 2, 9);

-- --------------------------------------------------------

--
-- Estructura de tabla para la tabla `company_user`
--

CREATE TABLE IF NOT EXISTS `company_user` (
  `id` int(11) NOT NULL AUTO_INCREMENT,
  `username` varchar(50) NOT NULL,
  `password` varchar(255) NOT NULL,
  `role` varchar(20) DEFAULT NULL,
  `created` timestamp NOT NULL DEFAULT CURRENT_TIMESTAMP,
  PRIMARY KEY (`id`)
) ENGINE=InnoDB  DEFAULT CHARSET=utf8 AUTO_INCREMENT=21 ;

--
-- Volcado de datos para la tabla `company_user`
--

INSERT INTO `company_user` (`id`, `username`, `password`, `role`, `created`) VALUES
(1, 'superadmin', '17c4520f6cfd1ab53d8745e84681eb49', 'admin', '2017-01-11 19:02:29'),
(10, 'ernesto', '8f91bdb4de0142710ac1718345b96308', NULL, '2017-01-13 15:16:35'),
(11, 'mia', '5102ecd3d47f6561de70979017b87a80', NULL, '2017-01-19 20:05:24'),
(12, 'hey', '6057f13c496ecf7fd777ceb9e79ae285', NULL, '2017-01-19 20:29:51'),
(13, 'lumen123', 'c833406e3338feb04c97a257432fab6b', NULL, '2017-01-24 15:15:36'),
(14, 'comex123', '089673ad9b6f334c46c2053fa6fc644e', NULL, '2017-01-24 15:42:19'),
(15, 'prueba', '3d44e7d47bc896df027df8c3f7629d29', NULL, '2017-01-24 19:38:57'),
(16, 'empleolisto', 'be8f21449d65f3bf4073fe4c50a31de0', NULL, '2017-01-24 22:08:38'),
(17, 'tlalnepantla', 'fda731a691ca74909af893b03716da69', NULL, '2017-01-27 23:45:42'),
(18, 'INSTITUTO NACIONAL DE MIGRACIÓN', 'f396c43d7c4f7f8516d83dd9ac66554e', NULL, '2017-02-14 19:07:44'),
(19, 'INM', 'f396c43d7c4f7f8516d83dd9ac66554e', NULL, '2017-02-15 17:52:43'),
(20, 'TECONNECTIVITY', 'ed119dc32564032a8a3591397cdfd1a9', NULL, '2017-02-15 18:51:40');

/*!40101 SET CHARACTER_SET_CLIENT=@OLD_CHARACTER_SET_CLIENT */;
/*!40101 SET CHARACTER_SET_RESULTS=@OLD_CHARACTER_SET_RESULTS */;
/*!40101 SET COLLATION_CONNECTION=@OLD_COLLATION_CONNECTION */;
